[{"fields": {"model": "permission", "app_label": "auth"}, "model": "contenttypes.contenttype", "pk": 1}, {"fields": {"model": "group", "app_label": "auth"}, "model": "contenttypes.contenttype", "pk": 2}, {"fields": {"model": "user", "app_label": "auth"}, "model": "contenttypes.contenttype", "pk": 3}, {"fields": {"model": "contenttype", "app_label": "contenttypes"}, "model": "contenttypes.contenttype", "pk": 4}, {"fields": {"model": "application", "app_label": "oauth2_provider"}, "model": "contenttypes.contenttype", "pk": 5}, {"fields": {"model": "grant", "app_label": "oauth2_provider"}, "model": "contenttypes.contenttype", "pk": 6}, {"fields": {"model": "accesstoken", "app_label": "oauth2_provider"}, "model": "contenttypes.contenttype", "pk": 7}, {"fields": {"model": "refreshtoken", "app_label": "oauth2_provider"}, "model": "contenttypes.contenttype", "pk": 8}, {"fields": {"model": "registrationmodel", "app_label": "crowdsourcing"}, "model": "contenttypes.contenttype", "pk": 9}, {"fields": {"model": "passwordresetmodel", "app_label": "crowdsourcing"}, "model": "contenttypes.contenttype", "pk": 10}, {"fields": {"model": "region", "app_label": "crowdsourcing"}, "model": "contenttypes.contenttype", "pk": 11}, {"fields": {"model": "country", "app_label": "crowdsourcing"}, "model": "contenttypes.contenttype", "pk": 12}, {"fields": {"model": "city", "app_label": "crowdsourcing"}, "model": "contenttypes.contenttype", "pk": 13}, {"fields": {"model": "address", "app_label": "crowdsourcing"}, "model": "contenttypes.contenttype", "pk": 14}, {"fields": {"model": "role", "app_label": "crowdsourcing"}, "model": "contenttypes.contenttype", "pk": 15}, {"fields": {"model": "language", "app_label": "crowdsourcing"}, "model": "contenttypes.contenttype", "pk": 16}, {"fields": {"model": "userprofile", "app_label": "crowdsourcing"}, "model": "contenttypes.contenttype", "pk": 17}, {"fields": {"model": "usercountry", "app_label": "crowdsourcing"}, "model": "contenttypes.contenttype", "pk": 18}, {"fields": {"model": "skill", "app_label": "crowdsourcing"}, "model": "contenttypes.contenttype", "pk": 19}, {"fields": {"model": "worker", "app_label": "crowdsourcing"}, "model": "contenttypes.contenttype", "pk": 20}, {"fields": {"model": "workerskill", "app_label": "crowdsourcing"}, "model": "contenttypes.contenttype", "pk": 21}, {"fields": {"model": "requester", "app_label": "crowdsourcing"}, "model": "contenttypes.contenttype", "pk": 22}, {"fields": {"model": "userrole", "app_label": "crowdsourcing"}, "model": "contenttypes.contenttype", "pk": 23}, {"fields": {"model": "friendship", "app_label": "crowdsourcing"}, "model": "contenttypes.contenttype", "pk": 24}, {"fields": {"model": "category", "app_label": "crowdsourcing"}, "model": "contenttypes.contenttype", "pk": 25}, {"fields": {"model": "project", "app_label": "crowdsourcing"}, "model": "contenttypes.contenttype", "pk": 26}, {"fields": {"model": "projectrequester", "app_label": "crowdsourcing"}, "model": "contenttypes.contenttype", "pk": 27}, {"fields": {"model": "template", "app_label": "crowdsourcing"}, "model": "contenttypes.contenttype", "pk": 28}, {"fields": {"model": "module", "app_label": "crowdsourcing"}, "model": "contenttypes.contenttype", "pk": 29}, {"fields": {"model": "modulecategory", "app_label": "crowdsourcing"}, "model": "contenttypes.contenttype", "pk": 30}, {"fields": {"model": "projectcategory", "app_label": "crowdsourcing"}, "model": "contenttypes.contenttype", "pk": 31}, {"fields": {"model": "templateitem", "app_label": "crowdsourcing"}, "model": "contenttypes.contenttype", "pk": 32}, {"fields": {"model": "moduletemplate", "app_label": "crowdsourcing"}, "model": "contenttypes.contenttype", "pk": 33}, {"fields": {"model": "templateitemproperties", "app_label": "crowdsourcing"}, "model": "contenttypes.contenttype", "pk": 34}, {"fields": {"model": "task", "app_label": "crowdsourcing"}, "model": "contenttypes.contenttype", "pk": 35}, {"fields": {"model": "taskworker", "app_label": "crowdsourcing"}, "model": "contenttypes.contenttype", "pk": 36}, {"fields": {"model": "taskworkerresult", "app_label": "crowdsourcing"}, "model": "contenttypes.contenttype", "pk": 37}, {"fields": {"model": "workermoduleapplication", "app_label": "crowdsourcing"}, "model": "contenttypes.contenttype", "pk": 38}, {"fields": {"model": "activitylog", "app_label": "crowdsourcing"}, "model": "contenttypes.contenttype", "pk": 39}, {"fields": {"model": "qualification", "app_label": "crowdsourcing"}, "model": "contenttypes.contenttype", "pk": 40}, {"fields": {"model": "qualificationitem", "app_label": "crowdsourcing"}, "model": "contenttypes.contenttype", "pk": 41}, {"fields": {"model": "userlanguage", "app_label": "crowdsourcing"}, "model": "contenttypes.contenttype", "pk": 42}, {"fields": {"model": "currency", "app_label": "crowdsourcing"}, "model": "contenttypes.contenttype", "pk": 43}, {"fields": {"model": "userpreferences", "app_label": "crowdsourcing"}, "model": "contenttypes.contenttype", "pk": 44}, {"fields": {"model": "requesterranking", "app_label": "crowdsourcing"}, "model": "contenttypes.contenttype", "pk": 45}, {"fields": {"model": "modulerating", "app_label": "crowdsourcing"}, "model": "contenttypes.contenttype", "pk": 46}, {"fields": {"model": "modulereview", "app_label": "crowdsourcing"}, "model": "contenttypes.contenttype", "pk": 47}, {"fields": {"model": "flowmodel", "app_label": "crowdsourcing"}, "model": "contenttypes.contenttype", "pk": 48}, {"fields": {"model": "accountmodel", "app_label": "crowdsourcing"}, "model": "contenttypes.contenttype", "pk": 49}, {"fields": {"model": "credentialsmodel", "app_label": "crowdsourcing"}, "model": "contenttypes.contenttype", "pk": 50}, {"fields": {"model": "temporaryflowmodel", "app_label": "crowdsourcing"}, "model": "contenttypes.contenttype", "pk": 51}, {"fields": {"model": "bookmarkedprojects", "app_label": "crowdsourcing"}, "model": "contenttypes.contenttype", "pk": 52}, {"fields": {"model": "conversation", "app_label": "crowdsourcing"}, "model": "contenttypes.contenttype", "pk": 53}, {"fields": {"model": "message", "app_label": "crowdsourcing"}, "model": "contenttypes.contenttype", "pk": 54}, {"fields": {"model": "conversationrecipient", "app_label": "crowdsourcing"}, "model": "contenttypes.contenttype", "pk": 55}, {"fields": {"model": "usermessage", "app_label": "crowdsourcing"}, "model": "contenttypes.contenttype", "pk": 56}, {"fields": {"model": "requesterinputfile", "app_label": "crowdsourcing"}, "model": "contenttypes.contenttype", "pk": 57}, {"fields": {"profile": 1, "deleted": false}, "model": "crowdsourcing.worker", "pk": 1}, {"fields": {"profile": 2, "deleted": false}, "model": "crowdsourcing.worker", "pk": 2}, {"fields": {"profile": 3, "deleted": false}, "model": "crowdsourcing.worker", "pk": 3}, {"fields": {"profile": 1}, "model": "crowdsourcing.requester", "pk": 1}, {"fields": {"profile": 2}, "model": "crowdsourcing.requester", "pk": 2}, {"fields": {"profile": 3}, "model": "crowdsourcing.requester", "pk": 3}, {"fields": {"deleted": false, "created_timestamp": "2015-05-01T00:17:40.085Z", "last_updated": "2015-05-01T00:17:40.085Z", "name": "Run an experiment", "parent": null}, "model": "crowdsourcing.category", "pk": 0}, {"fields": {"deleted": false, "created_timestamp": "2015-05-01T00:17:40.085Z", "last_updated": "2015-05-01T00:17:40.085Z", "name": "Translate a document", "parent": null}, "model": "crowdsourcing.category", "pk": 1}, {"fields": {"deleted": false, "created_timestamp": "2015-05-01T00:17:40.085Z", "last_updated": "2015-05-01T00:17:40.085Z", "name": "Create a website", "parent": null}, "model": "crowdsourcing.category", "pk": 2}, {"fields": {"deleted": false, "created_timestamp": "2015-05-01T00:17:40.085Z", "last_updated": "2015-05-01T00:17:40.085Z", "name": "Proofreading/editing", "parent": null}, "model": "crowdsourcing.category", "pk": 3}, {"fields": {"deleted": false, "created_timestamp": "2015-05-01T00:17:40.085Z", "last_updated": "2015-05-01T00:17:40.085Z", "name": "Transcribe text", "parent": null}, "model": "crowdsourcing.category", "pk": 4}, {"fields": {"deleted": false, "created_timestamp": "2015-05-01T00:17:40.085Z", "last_updated": "2015-05-01T00:17:40.085Z", "name": "Copywriting", "parent": null}, "model": "crowdsourcing.category", "pk": 5}, {"fields": {"deleted": false, "created_timestamp": "2015-05-01T00:17:40.085Z", "last_updated": "2015-05-01T00:17:40.085Z", "name": "Design", "parent": null}, "model": "crowdsourcing.category", "pk": 6}, {"fields": {"deleted": false, "created_timestamp": "2015-05-01T00:17:40.085Z", "last_updated": "2015-05-01T00:17:40.085Z", "name": "Other", "parent": null}, "model": "crowdsourcing.category", "pk": 7}, {"fields": {"save_to_drive": false, "last_updated": "2015-08-07T17:29:30.956Z", "description": "do some stuff", "end_date": "2015-08-07T17:29:30.956Z", "deleted": false, "keywords": null, "created_timestamp": "2015-08-07T17:29:30.956Z", "owner": 3, "start_date": "2015-08-07T17:29:30.956Z", "name": "Test project"}, "model": "crowdsourcing.project", "pk": 1}, {"fields": {"share_with_others": true, "last_updated": "2015-08-07T17:29:31.039Z", "name": "template_hHfbOdNt", "deleted": false, "price": 0.0, "created_timestamp": "2015-08-07T17:29:31.039Z", "owner": 1, "source_html": null}, "model": "crowdsourcing.template", "pk": 1}, {"fields": {"status": 1, "data_set_location": "No data set", "last_updated": "2015-08-07T17:29:31.033Z", "name": "Prototype Task", "deleted": false, "price": 1.0, "has_data_set": true, "project": 1, "keywords": null, "created_timestamp": "2015-08-07T17:29:31.033Z", "task_time": 0.0, "module_timeout": 0, "owner": 3, "repetition": 3, "description": "la la la"}, "model": "crowdsourcing.module", "pk": 1}, {"fields": {"project": 1, "category": 7, "created_timestamp": "2015-08-07T17:29:30.960Z", "last_updated": "2015-08-07T17:29:30.960Z"}, "model": "crowdsourcing.projectcategory", "pk": 1}, {"fields": {"last_updated": "2015-08-07T17:29:31.073Z", "data_source": "url_1", "layout": "column", "name": "labelid1", "deleted": false, "values": "url", "role": "display", "template": 1, "created_timestamp": "2015-08-07T17:29:31.073Z", "id_string": "id1", "type": "label", "sub_type": "h4", "icon": null}, "model": "crowdsourcing.templateitem", "pk": 1}, {"fields": {"last_updated": "2015-08-07T17:29:31.079Z", "data_source": "url_1", "layout": "column", "name": "text_field_placeholderid2", "deleted": false, "values": null, "role": "input", "template": 1, "created_timestamp": "2015-08-07T17:29:31.079Z", "id_string": "id2", "type": "text_field", "sub_type": "div", "icon": null}, "model": "crowdsourcing.templateitem", "pk": 2}, {"fields": {"last_updated": "2015-08-07T17:29:31.085Z", "data_source": "name", "layout": "column", "name": "labelid3", "deleted": false, "values": "name", "role": "display", "template": 1, "created_timestamp": "2015-08-07T17:29:31.085Z", "id_string": "id3", "type": "label", "sub_type": "h4", "icon": null}, "model": "crowdsourcing.templateitem", "pk": 3}, {"fields": {"last_updated": "2015-08-07T17:29:31.088Z", "data_source": "name", "layout": "column", "name": "text_field_placeholderid4", "deleted": false, "values": null, "role": "input", "template": 1, "created_timestamp": "2015-08-07T17:29:31.088Z", "id_string": "id4", "type": "text_field", "sub_type": "div", "icon": null}, "model": "crowdsourcing.templateitem", "pk": 4}, {"fields": {"template": 1, "module": 1}, "model": "crowdsourcing.moduletemplate", "pk": 1}, {"fields": {"status": 1, "last_updated": "2015-08-07T17:29:31.097Z", "deleted": false, "price": 0.0, "module": 1, "created_timestamp": "2015-08-07T17:29:31.097Z", "data": "{\"name\": \"john\", \"url_1\": \"www.google.com\"}"}, "model": "crowdsourcing.task", "pk": 1}, {"fields": {"status": 1, "last_updated": "2015-08-07T17:29:31.106Z", "deleted": false, "price": 0.0, "module": 1, "created_timestamp": "2015-08-07T17:29:31.106Z", "data": "{\"name\": \"joey\", \"url_1\": \"www.yahoo.com\"}"}, "model": "crowdsourcing.task", "pk": 2}, {"fields": {"status": 1, "last_updated": "2015-08-07T17:29:31.114Z", "deleted": false, "price": 0.0, "module": 1, "created_timestamp": "2015-08-07T17:29:31.114Z", "data": "{\"name\": \"jack\", \"url_1\": \"www.facebook.com\"}"}, "model": "crowdsourcing.task", "pk": 3}, {"fields": {"status": 1, "last_updated": "2015-08-07T17:29:31.119Z", "deleted": false, "price": 0.0, "module": 1, "created_timestamp": "2015-08-07T17:29:31.119Z", "data": "{\"name\": \"jim\", \"url_1\": \"www.linkedin.com\"}"}, "model": "crowdsourcing.task", "pk": 4}, {"fields": {"status": 1, "last_updated": "2015-08-07T17:29:31.125Z", "deleted": false, "price": 0.0, "module": 1, "created_timestamp": "2015-08-07T17:29:31.125Z", "data": "{\"name\": \"joshua\", \"url_1\": \"www.instagram.com\"}"}, "model": "crowdsourcing.task", "pk": 5}, {"fields": {"status": 1, "last_updated": "2015-08-07T17:29:31.134Z", "deleted": false, "price": 0.0, "module": 1, "created_timestamp": "2015-08-07T17:29:31.134Z", "data": "{\"name\": \"jessica\", \"url_1\": \"www.wikipedia.com\"}"}, "model": "crowdsourcing.task", "pk": 6}, {"fields": {"status": 1, "last_updated": "2015-08-07T17:29:31.139Z", "deleted": false, "price": 0.0, "module": 1, "created_timestamp": "2015-08-07T17:29:31.139Z", "data": "{\"name\": \"jane\", \"url_1\": \"www.espn.com\"}"}, "model": "crowdsourcing.task", "pk": 7}, {"fields": {"status": 2, "created_timestamp": "2015-08-07T17:29:31.097Z", "last_updated": "2015-08-07T18:28:51.442Z", "task": 1, "worker": 1}, "model": "crowdsourcing.taskworker", "pk": 1}, {"fields": {"status": 4, "created_timestamp": "2015-08-07T17:29:31.097Z", "last_updated": "2015-08-07T18:30:03.327Z", "task": 1, "worker": 2}, "model": "crowdsourcing.taskworker", "pk": 2}, {"fields": {"status": 2, "created_timestamp": "2015-08-07T17:29:31.097Z", "last_updated": "2015-08-07T18:28:55.084Z", "task": 1, "worker": 3}, "model": "crowdsourcing.taskworker", "pk": 3}, {"fields": {"status": 3, "created_timestamp": "2015-08-07T17:29:31.097Z", "last_updated": "2015-08-07T18:30:06.278Z", "task": 2, "worker": 1}, "model": "crowdsourcing.taskworker", "pk": 4}, {"fields": {"status": 2, "created_timestamp": "2015-08-07T17:29:31.097Z", "last_updated": "2015-08-07T18:28:56.941Z", "task": 2, "worker": 2}, "model": "crowdsourcing.taskworker", "pk": 5}, {"fields": {"status": 3, "created_timestamp": "2015-08-07T17:29:31.097Z", "last_updated": "2015-08-07T18:30:05.086Z", "task": 2, "worker": 3}, "model": "crowdsourcing.taskworker", "pk": 6}, {"fields": {"status": 4, "created_timestamp": "2015-08-07T17:29:31.097Z", "last_updated": "2015-08-07T18:30:11.524Z", "task": 3, "worker": 1}, "model": "crowdsourcing.taskworker", "pk": 7}, {"fields": {"status": 2, "created_timestamp": "2015-08-07T17:29:31.097Z", "last_updated": "2015-08-07T17:29:31.097Z", "task": 3, "worker": 3}, "model": "crowdsourcing.taskworker", "pk": 8}, {"fields": {"status": 4, "created_timestamp": "2015-08-07T17:29:31.097Z", "last_updated": "2015-08-07T18:52:26.617Z", "task": 4, "worker": 2}, "model": "crowdsourcing.taskworker", "pk": 9}, {"fields": {"status": 2, "created_timestamp": "2015-08-07T17:29:31.097Z", "last_updated": "2015-08-07T17:29:31.097Z", "task": 4, "worker": 3}, "model": "crowdsourcing.taskworker", "pk": 10}, {"fields": {"status": 2, "created_timestamp": "2015-08-07T17:29:31.097Z", "last_updated": "2015-08-07T17:29:31.097Z", "task": 5, "worker": 1}, "model": "crowdsourcing.taskworker", "pk": 11}, {"fields": {"status": 2, "created_timestamp": "2015-08-07T17:29:31.097Z", "last_updated": "2015-08-07T17:29:31.097Z", "task": 5, "worker": 2}, "model": "crowdsourcing.taskworker", "pk": 12}, {"fields": {"status": 2, "created_timestamp": "2015-08-07T17:29:31.097Z", "last_updated": "2015-08-07T17:29:31.097Z", "task": 5, "worker": 3}, "model": "crowdsourcing.taskworker", "pk": 13}, {"fields": {"status": 2, "created_timestamp": "2015-08-07T17:29:31.097Z", "last_updated": "2015-08-07T17:29:31.097Z", "task": 6, "worker": 1}, "model": "crowdsourcing.taskworker", "pk": 14}, {"fields": {"status": 2, "created_timestamp": "2015-08-07T17:29:31.097Z", "last_updated": "2015-08-07T17:29:31.097Z", "task": 6, "worker": 2}, "model": "crowdsourcing.taskworker", "pk": 15}, {"fields": {"status": 2, "created_timestamp": "2015-08-07T17:29:31.097Z", "last_updated": "2015-08-07T17:29:31.097Z", "task": 7, "worker": 2}, "model": "crowdsourcing.taskworker", "pk": 16}, {"fields": {"status": 1, "created_timestamp": "2015-08-07T17:29:31.097Z", "last_updated": "2015-08-07T17:29:31.097Z", "task": 3, "worker": 2}, "model": "crowdsourcing.taskworker", "pk": 17}, {"fields": {"status": 1, "created_timestamp": "2015-08-07T17:29:31.097Z", "last_updated": "2015-08-07T17:29:31.097Z", "task": 6, "worker": 3}, "model": "crowdsourcing.taskworker", "pk": 18}, {"fields": {"status": 1, "last_updated": "2015-08-07T17:29:31.073Z", "template_item": 2, "task_worker": 1, "result": "great site!", "created_timestamp": "2015-08-07T17:29:31.073Z"}, "model": "crowdsourcing.taskworkerresult", "pk": 1}, {"fields": {"status": 1, "last_updated": "2015-08-07T17:29:31.073Z", "template_item": 4, "task_worker": 1, "result": "i love that name!", "created_timestamp": "2015-08-07T17:29:31.073Z"}, "model": "crowdsourcing.taskworkerresult", "pk": 2}, {"fields": {"status": 1, "last_updated": "2015-08-07T17:29:31.073Z", "template_item": 2, "task_worker": 2, "result": "webpage is alright", "created_timestamp": "2015-08-07T17:29:31.073Z"}, "model": "crowdsourcing.taskworkerresult", "pk": 3}, {"fields": {"status": 1, "last_updated": "2015-08-07T17:29:31.073Z", "template_item": 4, "task_worker": 2, "result": "thats my dogs name", "created_timestamp": "2015-08-07T17:29:31.073Z"}, "model": "crowdsourcing.taskworkerresult", "pk": 4}, {"fields": {"status": 1, "last_updated": "2015-08-07T17:29:31.073Z", "template_item": 2, "task_worker": 3, "result": "ive seen this before", "created_timestamp": "2015-08-07T17:29:31.073Z"}, "model": "crowdsourcing.taskworkerresult", "pk": 5}, {"fields": {"status": 1, "last_updated": "2015-08-07T17:29:31.073Z", "template_item": 4, "task_worker": 3, "result": "gross", "created_timestamp": "2015-08-07T17:29:31.073Z"}, "model": "crowdsourcing.taskworkerresult", "pk": 6}, {"fields": {"status": 1, "last_updated": "2015-08-07T17:29:31.073Z", "template_item": 2, "task_worker": 4, "result": "learned so much", "created_timestamp": "2015-08-07T17:29:31.073Z"}, "model": "crowdsourcing.taskworkerresult", "pk": 7}, {"fields": {"status": 1, "last_updated": "2015-08-07T17:29:31.073Z", "template_item": 4, "task_worker": 4, "result": "i like junior better", "created_timestamp": "2015-08-07T17:29:31.073Z"}, "model": "crowdsourcing.taskworkerresult", "pk": 8}, {"fields": {"status": 1, "last_updated": "2015-08-07T17:29:31.073Z", "template_item": 2, "task_worker": 5, "result": "so so", "created_timestamp": "2015-08-07T17:29:31.073Z"}, "model": "crowdsourcing.taskworkerresult", "pk": 9}, {"fields": {"status": 1, "last_updated": "2015-08-07T17:29:31.073Z", "template_item": 4, "task_worker": 5, "result": "this is going to be really long. i feel strongly about this name because it is the name of my ex", "created_timestamp": "2015-08-07T17:29:31.073Z"}, "model": "crowdsourcing.taskworkerresult", "pk": 10}, {"fields": {"status": 1, "last_updated": "2015-08-07T17:29:31.073Z", "template_item": 2, "task_worker": 6, "result": "i like the homepage design", "created_timestamp": "2015-08-07T17:29:31.073Z"}, "model": "crowdsourcing.taskworkerresult", "pk": 11}, {"fields": {"status": 1, "last_updated": "2015-08-07T17:29:31.073Z", "template_item": 4, "task_worker": 6, "result": "the name really rolls off the tongue", "created_timestamp": "2015-08-07T17:29:31.073Z"}, "model": "crowdsourcing.taskworkerresult", "pk": 12}, {"fields": {"status": 1, "last_updated": "2015-08-07T17:29:31.073Z", "template_item": 2, "task_worker": 7, "result": "mmmmmm toasty", "created_timestamp": "2015-08-07T17:29:31.073Z"}, "model": "crowdsourcing.taskworkerresult", "pk": 13}, {"fields": {"status": 1, "last_updated": "2015-08-07T17:29:31.073Z", "template_item": 4, "task_worker": 7, "result": "beautiful", "created_timestamp": "2015-08-07T17:29:31.073Z"}, "model": "crowdsourcing.taskworkerresult", "pk": 14}, {"fields": {"status": 1, "last_updated": "2015-08-07T17:29:31.073Z", "template_item": 2, "task_worker": 8, "result": "wooohooo", "created_timestamp": "2015-08-07T17:29:31.073Z"}, "model": "crowdsourcing.taskworkerresult", "pk": 15}, {"fields": {"status": 1, "last_updated": "2015-08-07T17:29:31.073Z", "template_item": 4, "task_worker": 8, "result": "im so bored of making this data", "created_timestamp": "2015-08-07T17:29:31.073Z"}, "model": "crowdsourcing.taskworkerresult", "pk": 16}, {"fields": {"status": 1, "last_updated": "2015-08-07T17:29:31.073Z", "template_item": 2, "task_worker": 9, "result": "harumph", "created_timestamp": "2015-08-07T17:29:31.073Z"}, "model": "crowdsourcing.taskworkerresult", "pk": 17}, {"fields": {"status": 1, "last_updated": "2015-08-07T17:29:31.073Z", "template_item": 4, "task_worker": 9, "result": "isnt she lovely", "created_timestamp": "2015-08-07T17:29:31.073Z"}, "model": "crowdsourcing.taskworkerresult", "pk": 18}, {"fields": {"status": 1, "last_updated": "2015-08-07T17:29:31.073Z", "template_item": 2, "task_worker": 10, "result": "halfway there", "created_timestamp": "2015-08-07T17:29:31.073Z"}, "model": "crowdsourcing.taskworkerresult", "pk": 19}, {"fields": {"status": 1, "last_updated": "2015-08-07T17:29:31.073Z", "template_item": 4, "task_worker": 10, "result": "jingle bells", "created_timestamp": "2015-08-07T17:29:31.073Z"}, "model": "crowdsourcing.taskworkerresult", "pk": 20}, {"fields": {"status": 1, "last_updated": "2015-08-07T17:29:31.073Z", "template_item": 2, "task_worker": 11, "result": "batmobile", "created_timestamp": "2015-08-07T17:29:31.073Z"}, "model": "crowdsourcing.taskworkerresult", "pk": 21}, {"fields": {"status": 1, "last_updated": "2015-08-07T17:29:31.073Z", "template_item": 4, "task_worker": 11, "result": "this is devloving", "created_timestamp": "2015-08-07T17:29:31.073Z"}, "model": "crowdsourcing.taskworkerresult", "pk": 22}, {"fields": {"status": 1, "last_updated": "2015-08-07T17:29:31.073Z", "template_item": 2, "task_worker": 12, "result": "hip hip hooooray", "created_timestamp": "2015-08-07T17:29:31.073Z"}, "model": "crowdsourcing.taskworkerresult", "pk": 23}, {"fields": {"status": 1, "last_updated": "2015-08-07T17:29:31.073Z", "template_item": 4, "task_worker": 12, "result": "omg lol ttyl", "created_timestamp": "2015-08-07T17:29:31.073Z"}, "model": "crowdsourcing.taskworkerresult", "pk": 24}, {"fields": {"status": 1, "last_updated": "2015-08-07T17:29:31.073Z", "template_item": 2, "task_worker": 13, "result": "slop", "created_timestamp": "2015-08-07T17:29:31.073Z"}, "model": "crowdsourcing.taskworkerresult", "pk": 25}, {"fields": {"status": 1, "last_updated": "2015-08-07T17:29:31.073Z", "template_item": 4, "task_worker": 13, "result": "kk", "created_timestamp": "2015-08-07T17:29:31.073Z"}, "model": "crowdsourcing.taskworkerresult", "pk": 26}, {"fields": {"status": 1, "last_updated": "2015-08-07T17:29:31.073Z", "template_item": 2, "task_worker": 14, "result": "im getting there", "created_timestamp": "2015-08-07T17:29:31.073Z"}, "model": "crowdsourcing.taskworkerresult", "pk": 27}, {"fields": {"status": 1, "last_updated": "2015-08-07T17:29:31.073Z", "template_item": 4, "task_worker": 14, "result": "skarumph", "created_timestamp": "2015-08-07T17:29:31.073Z"}, "model": "crowdsourcing.taskworkerresult", "pk": 28}, {"fields": {"status": 1, "last_updated": "2015-08-07T17:29:31.073Z", "template_item": 2, "task_worker": 15, "result": "boogieboogieboogie", "created_timestamp": "2015-08-07T17:29:31.073Z"}, "model": "crowdsourcing.taskworkerresult", "pk": 29}, {"fields": {"status": 1, "last_updated": "2015-08-07T17:29:31.073Z", "template_item": 2, "task_worker": 16, "result": "hammerskoeld", "created_timestamp": "2015-08-07T17:29:31.073Z"}, "model": "crowdsourcing.taskworkerresult", "pk": 30}, {"fields": {"status": 1, "last_updated": "2015-08-07T17:29:31.073Z", "template_item": 4, "task_worker": 15, "result": "mmmmhmmmmmm", "created_timestamp": "2015-08-07T17:29:31.073Z"}, "model": "crowdsourcing.taskworkerresult", "pk": 31}, {"fields": {"status": 1, "last_updated": "2015-08-07T17:29:31.073Z", "template_item": 4, "task_worker": 16, "result": "BLAHBLAHBLAH", "created_timestamp": "2015-08-07T17:29:31.073Z"}, "model": "crowdsourcing.taskworkerresult", "pk": 32}, {"fields": {"status": 1, "last_updated": "2015-08-07T17:29:31.073Z", "template_item": 2, "task_worker": 17, "result": "", "created_timestamp": "2015-08-07T17:29:31.073Z"}, "model": "crowdsourcing.taskworkerresult", "pk": 33}, {"fields": {"status": 1, "last_updated": "2015-08-07T17:29:31.073Z", "template_item": 4, "task_worker": 17, "result": "", "created_timestamp": "2015-08-07T17:29:31.073Z"}, "model": "crowdsourcing.taskworkerresult", "pk": 34}, {"fields": {"status": 1, "last_updated": "2015-08-07T17:29:31.073Z", "template_item": 2, "task_worker": 18, "result": "", "created_timestamp": "2015-08-07T17:29:31.073Z"}, "model": "crowdsourcing.taskworkerresult", "pk": 35}, {"fields": {"status": 1, "last_updated": "2015-08-07T17:29:31.073Z", "template_item": 4, "task_worker": 18, "result": "", "created_timestamp": "2015-08-07T17:29:31.073Z"}, "model": "crowdsourcing.taskworkerresult", "pk": 36}, {"fields": {"codename": "add_permission", "name": "Can add permission", "content_type": 1}, "model": "auth.permission", "pk": 1}, {"fields": {"codename": "change_permission", "name": "Can change permission", "content_type": 1}, "model": "auth.permission", "pk": 2}, {"fields": {"codename": "delete_permission", "name": "Can delete permission", "content_type": 1}, "model": "auth.permission", "pk": 3}, {"fields": {"codename": "add_group", "name": "Can add group", "content_type": 2}, "model": "auth.permission", "pk": 4}, {"fields": {"codename": "change_group", "name": "Can change group", "content_type": 2}, "model": "auth.permission", "pk": 5}, {"fields": {"codename": "delete_group", "name": "Can delete group", "content_type": 2}, "model": "auth.permission", "pk": 6}, {"fields": {"codename": "add_user", "name": "Can add user", "content_type": 3}, "model": "auth.permission", "pk": 7}, {"fields": {"codename": "change_user", "name": "Can change user", "content_type": 3}, "model": "auth.permission", "pk": 8}, {"fields": {"codename": "delete_user", "name": "Can delete user", "content_type": 3}, "model": "auth.permission", "pk": 9}, {"fields": {"codename": "add_contenttype", "name": "Can add content type", "content_type": 4}, "model": "auth.permission", "pk": 10}, {"fields": {"codename": "change_contenttype", "name": "Can change content type", "content_type": 4}, "model": "auth.permission", "pk": 11}, {"fields": {"codename": "delete_contenttype", "name": "Can delete content type", "content_type": 4}, "model": "auth.permission", "pk": 12}, {"fields": {"codename": "add_application", "name": "Can add application", "content_type": 5}, "model": "auth.permission", "pk": 13}, {"fields": {"codename": "change_application", "name": "Can change application", "content_type": 5}, "model": "auth.permission", "pk": 14}, {"fields": {"codename": "delete_application", "name": "Can delete application", "content_type": 5}, "model": "auth.permission", "pk": 15}, {"fields": {"codename": "add_grant", "name": "Can add grant", "content_type": 6}, "model": "auth.permission", "pk": 16}, {"fields": {"codename": "change_grant", "name": "Can change grant", "content_type": 6}, "model": "auth.permission", "pk": 17}, {"fields": {"codename": "delete_grant", "name": "Can delete grant", "content_type": 6}, "model": "auth.permission", "pk": 18}, {"fields": {"codename": "add_accesstoken", "name": "Can add access token", "content_type": 7}, "model": "auth.permission", "pk": 19}, {"fields": {"codename": "change_accesstoken", "name": "Can change access token", "content_type": 7}, "model": "auth.permission", "pk": 20}, {"fields": {"codename": "delete_accesstoken", "name": "Can delete access token", "content_type": 7}, "model": "auth.permission", "pk": 21}, {"fields": {"codename": "add_refreshtoken", "name": "Can add refresh token", "content_type": 8}, "model": "auth.permission", "pk": 22}, {"fields": {"codename": "change_refreshtoken", "name": "Can change refresh token", "content_type": 8}, "model": "auth.permission", "pk": 23}, {"fields": {"codename": "delete_refreshtoken", "name": "Can delete refresh token", "content_type": 8}, "model": "auth.permission", "pk": 24}, {"fields": {"codename": "add_registrationmodel", "name": "Can add registration model", "content_type": 9}, "model": "auth.permission", "pk": 25}, {"fields": {"codename": "change_registrationmodel", "name": "Can change registration model", "content_type": 9}, "model": "auth.permission", "pk": 26}, {"fields": {"codename": "delete_registrationmodel", "name": "Can delete registration model", "content_type": 9}, "model": "auth.permission", "pk": 27}, {"fields": {"codename": "add_passwordresetmodel", "name": "Can add password reset model", "content_type": 10}, "model": "auth.permission", "pk": 28}, {"fields": {"codename": "change_passwordresetmodel", "name": "Can change password reset model", "content_type": 10}, "model": "auth.permission", "pk": 29}, {"fields": {"codename": "delete_passwordresetmodel", "name": "Can delete password reset model", "content_type": 10}, "model": "auth.permission", "pk": 30}, {"fields": {"codename": "add_region", "name": "Can add region", "content_type": 11}, "model": "auth.permission", "pk": 31}, {"fields": {"codename": "change_region", "name": "Can change region", "content_type": 11}, "model": "auth.permission", "pk": 32}, {"fields": {"codename": "delete_region", "name": "Can delete region", "content_type": 11}, "model": "auth.permission", "pk": 33}, {"fields": {"codename": "add_country", "name": "Can add country", "content_type": 12}, "model": "auth.permission", "pk": 34}, {"fields": {"codename": "change_country", "name": "Can change country", "content_type": 12}, "model": "auth.permission", "pk": 35}, {"fields": {"codename": "delete_country", "name": "Can delete country", "content_type": 12}, "model": "auth.permission", "pk": 36}, {"fields": {"codename": "add_city", "name": "Can add city", "content_type": 13}, "model": "auth.permission", "pk": 37}, {"fields": {"codename": "change_city", "name": "Can change city", "content_type": 13}, "model": "auth.permission", "pk": 38}, {"fields": {"codename": "delete_city", "name": "Can delete city", "content_type": 13}, "model": "auth.permission", "pk": 39}, {"fields": {"codename": "add_address", "name": "Can add address", "content_type": 14}, "model": "auth.permission", "pk": 40}, {"fields": {"codename": "change_address", "name": "Can change address", "content_type": 14}, "model": "auth.permission", "pk": 41}, {"fields": {"codename": "delete_address", "name": "Can delete address", "content_type": 14}, "model": "auth.permission", "pk": 42}, {"fields": {"codename": "add_role", "name": "Can add role", "content_type": 15}, "model": "auth.permission", "pk": 43}, {"fields": {"codename": "change_role", "name": "Can change role", "content_type": 15}, "model": "auth.permission", "pk": 44}, {"fields": {"codename": "delete_role", "name": "Can delete role", "content_type": 15}, "model": "auth.permission", "pk": 45}, {"fields": {"codename": "add_language", "name": "Can add language", "content_type": 16}, "model": "auth.permission", "pk": 46}, {"fields": {"codename": "change_language", "name": "Can change language", "content_type": 16}, "model": "auth.permission", "pk": 47}, {"fields": {"codename": "delete_language", "name": "Can delete language", "content_type": 16}, "model": "auth.permission", "pk": 48}, {"fields": {"codename": "add_userprofile", "name": "Can add user profile", "content_type": 17}, "model": "auth.permission", "pk": 49}, {"fields": {"codename": "change_userprofile", "name": "Can change user profile", "content_type": 17}, "model": "auth.permission", "pk": 50}, {"fields": {"codename": "delete_userprofile", "name": "Can delete user profile", "content_type": 17}, "model": "auth.permission", "pk": 51}, {"fields": {"codename": "add_usercountry", "name": "Can add user country", "content_type": 18}, "model": "auth.permission", "pk": 52}, {"fields": {"codename": "change_usercountry", "name": "Can change user country", "content_type": 18}, "model": "auth.permission", "pk": 53}, {"fields": {"codename": "delete_usercountry", "name": "Can delete user country", "content_type": 18}, "model": "auth.permission", "pk": 54}, {"fields": {"codename": "add_skill", "name": "Can add skill", "content_type": 19}, "model": "auth.permission", "pk": 55}, {"fields": {"codename": "change_skill", "name": "Can change skill", "content_type": 19}, "model": "auth.permission", "pk": 56}, {"fields": {"codename": "delete_skill", "name": "Can delete skill", "content_type": 19}, "model": "auth.permission", "pk": 57}, {"fields": {"codename": "add_worker", "name": "Can add worker", "content_type": 20}, "model": "auth.permission", "pk": 58}, {"fields": {"codename": "change_worker", "name": "Can change worker", "content_type": 20}, "model": "auth.permission", "pk": 59}, {"fields": {"codename": "delete_worker", "name": "Can delete worker", "content_type": 20}, "model": "auth.permission", "pk": 60}, {"fields": {"codename": "add_workerskill", "name": "Can add worker skill", "content_type": 21}, "model": "auth.permission", "pk": 61}, {"fields": {"codename": "change_workerskill", "name": "Can change worker skill", "content_type": 21}, "model": "auth.permission", "pk": 62}, {"fields": {"codename": "delete_workerskill", "name": "Can delete worker skill", "content_type": 21}, "model": "auth.permission", "pk": 63}, {"fields": {"codename": "add_requester", "name": "Can add requester", "content_type": 22}, "model": "auth.permission", "pk": 64}, {"fields": {"codename": "change_requester", "name": "Can change requester", "content_type": 22}, "model": "auth.permission", "pk": 65}, {"fields": {"codename": "delete_requester", "name": "Can delete requester", "content_type": 22}, "model": "auth.permission", "pk": 66}, {"fields": {"codename": "add_userrole", "name": "Can add user role", "content_type": 23}, "model": "auth.permission", "pk": 67}, {"fields": {"codename": "change_userrole", "name": "Can change user role", "content_type": 23}, "model": "auth.permission", "pk": 68}, {"fields": {"codename": "delete_userrole", "name": "Can delete user role", "content_type": 23}, "model": "auth.permission", "pk": 69}, {"fields": {"codename": "add_friendship", "name": "Can add friendship", "content_type": 24}, "model": "auth.permission", "pk": 70}, {"fields": {"codename": "change_friendship", "name": "Can change friendship", "content_type": 24}, "model": "auth.permission", "pk": 71}, {"fields": {"codename": "delete_friendship", "name": "Can delete friendship", "content_type": 24}, "model": "auth.permission", "pk": 72}, {"fields": {"codename": "add_category", "name": "Can add category", "content_type": 25}, "model": "auth.permission", "pk": 73}, {"fields": {"codename": "change_category", "name": "Can change category", "content_type": 25}, "model": "auth.permission", "pk": 74}, {"fields": {"codename": "delete_category", "name": "Can delete category", "content_type": 25}, "model": "auth.permission", "pk": 75}, {"fields": {"codename": "add_project", "name": "Can add project", "content_type": 26}, "model": "auth.permission", "pk": 76}, {"fields": {"codename": "change_project", "name": "Can change project", "content_type": 26}, "model": "auth.permission", "pk": 77}, {"fields": {"codename": "delete_project", "name": "Can delete project", "content_type": 26}, "model": "auth.permission", "pk": 78}, {"fields": {"codename": "add_projectrequester", "name": "Can add project requester", "content_type": 27}, "model": "auth.permission", "pk": 79}, {"fields": {"codename": "change_projectrequester", "name": "Can change project requester", "content_type": 27}, "model": "auth.permission", "pk": 80}, {"fields": {"codename": "delete_projectrequester", "name": "Can delete project requester", "content_type": 27}, "model": "auth.permission", "pk": 81}, {"fields": {"codename": "add_template", "name": "Can add template", "content_type": 28}, "model": "auth.permission", "pk": 82}, {"fields": {"codename": "change_template", "name": "Can change template", "content_type": 28}, "model": "auth.permission", "pk": 83}, {"fields": {"codename": "delete_template", "name": "Can delete template", "content_type": 28}, "model": "auth.permission", "pk": 84}, {"fields": {"codename": "add_module", "name": "Can add module", "content_type": 29}, "model": "auth.permission", "pk": 85}, {"fields": {"codename": "change_module", "name": "Can change module", "content_type": 29}, "model": "auth.permission", "pk": 86}, {"fields": {"codename": "delete_module", "name": "Can delete module", "content_type": 29}, "model": "auth.permission", "pk": 87}, {"fields": {"codename": "add_modulecategory", "name": "Can add module category", "content_type": 30}, "model": "auth.permission", "pk": 88}, {"fields": {"codename": "change_modulecategory", "name": "Can change module category", "content_type": 30}, "model": "auth.permission", "pk": 89}, {"fields": {"codename": "delete_modulecategory", "name": "Can delete module category", "content_type": 30}, "model": "auth.permission", "pk": 90}, {"fields": {"codename": "add_projectcategory", "name": "Can add project category", "content_type": 31}, "model": "auth.permission", "pk": 91}, {"fields": {"codename": "change_projectcategory", "name": "Can change project category", "content_type": 31}, "model": "auth.permission", "pk": 92}, {"fields": {"codename": "delete_projectcategory", "name": "Can delete project category", "content_type": 31}, "model": "auth.permission", "pk": 93}, {"fields": {"codename": "add_templateitem", "name": "Can add template item", "content_type": 32}, "model": "auth.permission", "pk": 94}, {"fields": {"codename": "change_templateitem", "name": "Can change template item", "content_type": 32}, "model": "auth.permission", "pk": 95}, {"fields": {"codename": "delete_templateitem", "name": "Can delete template item", "content_type": 32}, "model": "auth.permission", "pk": 96}, {"fields": {"codename": "add_moduletemplate", "name": "Can add module template", "content_type": 33}, "model": "auth.permission", "pk": 97}, {"fields": {"codename": "change_moduletemplate", "name": "Can change module template", "content_type": 33}, "model": "auth.permission", "pk": 98}, {"fields": {"codename": "delete_moduletemplate", "name": "Can delete module template", "content_type": 33}, "model": "auth.permission", "pk": 99}, {"fields": {"codename": "add_templateitemproperties", "name": "Can add template item properties", "content_type": 34}, "model": "auth.permission", "pk": 100}, {"fields": {"codename": "change_templateitemproperties", "name": "Can change template item properties", "content_type": 34}, "model": "auth.permission", "pk": 101}, {"fields": {"codename": "delete_templateitemproperties", "name": "Can delete template item properties", "content_type": 34}, "model": "auth.permission", "pk": 102}, {"fields": {"codename": "add_task", "name": "Can add task", "content_type": 35}, "model": "auth.permission", "pk": 103}, {"fields": {"codename": "change_task", "name": "Can change task", "content_type": 35}, "model": "auth.permission", "pk": 104}, {"fields": {"codename": "delete_task", "name": "Can delete task", "content_type": 35}, "model": "auth.permission", "pk": 105}, {"fields": {"codename": "add_taskworker", "name": "Can add task worker", "content_type": 36}, "model": "auth.permission", "pk": 106}, {"fields": {"codename": "change_taskworker", "name": "Can change task worker", "content_type": 36}, "model": "auth.permission", "pk": 107}, {"fields": {"codename": "delete_taskworker", "name": "Can delete task worker", "content_type": 36}, "model": "auth.permission", "pk": 108}, {"fields": {"codename": "add_taskworkerresult", "name": "Can add task worker result", "content_type": 37}, "model": "auth.permission", "pk": 109}, {"fields": {"codename": "change_taskworkerresult", "name": "Can change task worker result", "content_type": 37}, "model": "auth.permission", "pk": 110}, {"fields": {"codename": "delete_taskworkerresult", "name": "Can delete task worker result", "content_type": 37}, "model": "auth.permission", "pk": 111}, {"fields": {"codename": "add_workermoduleapplication", "name": "Can add worker module application", "content_type": 38}, "model": "auth.permission", "pk": 112}, {"fields": {"codename": "change_workermoduleapplication", "name": "Can change worker module application", "content_type": 38}, "model": "auth.permission", "pk": 113}, {"fields": {"codename": "delete_workermoduleapplication", "name": "Can delete worker module application", "content_type": 38}, "model": "auth.permission", "pk": 114}, {"fields": {"codename": "add_activitylog", "name": "Can add activity log", "content_type": 39}, "model": "auth.permission", "pk": 115}, {"fields": {"codename": "change_activitylog", "name": "Can change activity log", "content_type": 39}, "model": "auth.permission", "pk": 116}, {"fields": {"codename": "delete_activitylog", "name": "Can delete activity log", "content_type": 39}, "model": "auth.permission", "pk": 117}, {"fields": {"codename": "add_qualification", "name": "Can add qualification", "content_type": 40}, "model": "auth.permission", "pk": 118}, {"fields": {"codename": "change_qualification", "name": "Can change qualification", "content_type": 40}, "model": "auth.permission", "pk": 119}, {"fields": {"codename": "delete_qualification", "name": "Can delete qualification", "content_type": 40}, "model": "auth.permission", "pk": 120}, {"fields": {"codename": "add_qualificationitem", "name": "Can add qualification item", "content_type": 41}, "model": "auth.permission", "pk": 121}, {"fields": {"codename": "change_qualificationitem", "name": "Can change qualification item", "content_type": 41}, "model": "auth.permission", "pk": 122}, {"fields": {"codename": "delete_qualificationitem", "name": "Can delete qualification item", "content_type": 41}, "model": "auth.permission", "pk": 123}, {"fields": {"codename": "add_userlanguage", "name": "Can add user language", "content_type": 42}, "model": "auth.permission", "pk": 124}, {"fields": {"codename": "change_userlanguage", "name": "Can change user language", "content_type": 42}, "model": "auth.permission", "pk": 125}, {"fields": {"codename": "delete_userlanguage", "name": "Can delete user language", "content_type": 42}, "model": "auth.permission", "pk": 126}, {"fields": {"codename": "add_currency", "name": "Can add currency", "content_type": 43}, "model": "auth.permission", "pk": 127}, {"fields": {"codename": "change_currency", "name": "Can change currency", "content_type": 43}, "model": "auth.permission", "pk": 128}, {"fields": {"codename": "delete_currency", "name": "Can delete currency", "content_type": 43}, "model": "auth.permission", "pk": 129}, {"fields": {"codename": "add_userpreferences", "name": "Can add user preferences", "content_type": 44}, "model": "auth.permission", "pk": 130}, {"fields": {"codename": "change_userpreferences", "name": "Can change user preferences", "content_type": 44}, "model": "auth.permission", "pk": 131}, {"fields": {"codename": "delete_userpreferences", "name": "Can delete user preferences", "content_type": 44}, "model": "auth.permission", "pk": 132}, {"fields": {"codename": "add_requesterranking", "name": "Can add requester ranking", "content_type": 45}, "model": "auth.permission", "pk": 133}, {"fields": {"codename": "change_requesterranking", "name": "Can change requester ranking", "content_type": 45}, "model": "auth.permission", "pk": 134}, {"fields": {"codename": "delete_requesterranking", "name": "Can delete requester ranking", "content_type": 45}, "model": "auth.permission", "pk": 135}, {"fields": {"codename": "add_modulerating", "name": "Can add module rating", "content_type": 46}, "model": "auth.permission", "pk": 136}, {"fields": {"codename": "change_modulerating", "name": "Can change module rating", "content_type": 46}, "model": "auth.permission", "pk": 137}, {"fields": {"codename": "delete_modulerating", "name": "Can delete module rating", "content_type": 46}, "model": "auth.permission", "pk": 138}, {"fields": {"codename": "add_modulereview", "name": "Can add module review", "content_type": 47}, "model": "auth.permission", "pk": 139}, {"fields": {"codename": "change_modulereview", "name": "Can change module review", "content_type": 47}, "model": "auth.permission", "pk": 140}, {"fields": {"codename": "delete_modulereview", "name": "Can delete module review", "content_type": 47}, "model": "auth.permission", "pk": 141}, {"fields": {"codename": "add_flowmodel", "name": "Can add flow model", "content_type": 48}, "model": "auth.permission", "pk": 142}, {"fields": {"codename": "change_flowmodel", "name": "Can change flow model", "content_type": 48}, "model": "auth.permission", "pk": 143}, {"fields": {"codename": "delete_flowmodel", "name": "Can delete flow model", "content_type": 48}, "model": "auth.permission", "pk": 144}, {"fields": {"codename": "add_accountmodel", "name": "Can add account model", "content_type": 49}, "model": "auth.permission", "pk": 145}, {"fields": {"codename": "change_accountmodel", "name": "Can change account model", "content_type": 49}, "model": "auth.permission", "pk": 146}, {"fields": {"codename": "delete_accountmodel", "name": "Can delete account model", "content_type": 49}, "model": "auth.permission", "pk": 147}, {"fields": {"codename": "add_credentialsmodel", "name": "Can add credentials model", "content_type": 50}, "model": "auth.permission", "pk": 148}, {"fields": {"codename": "change_credentialsmodel", "name": "Can change credentials model", "content_type": 50}, "model": "auth.permission", "pk": 149}, {"fields": {"codename": "delete_credentialsmodel", "name": "Can delete credentials model", "content_type": 50}, "model": "auth.permission", "pk": 150}, {"fields": {"codename": "add_temporaryflowmodel", "name": "Can add temporary flow model", "content_type": 51}, "model": "auth.permission", "pk": 151}, {"fields": {"codename": "change_temporaryflowmodel", "name": "Can change temporary flow model", "content_type": 51}, "model": "auth.permission", "pk": 152}, {"fields": {"codename": "delete_temporaryflowmodel", "name": "Can delete temporary flow model", "content_type": 51}, "model": "auth.permission", "pk": 153}, {"fields": {"codename": "add_bookmarkedprojects", "name": "Can add bookmarked projects", "content_type": 52}, "model": "auth.permission", "pk": 154}, {"fields": {"codename": "change_bookmarkedprojects", "name": "Can change bookmarked projects", "content_type": 52}, "model": "auth.permission", "pk": 155}, {"fields": {"codename": "delete_bookmarkedprojects", "name": "Can delete bookmarked projects", "content_type": 52}, "model": "auth.permission", "pk": 156}, {"fields": {"codename": "add_conversation", "name": "Can add conversation", "content_type": 53}, "model": "auth.permission", "pk": 157}, {"fields": {"codename": "change_conversation", "name": "Can change conversation", "content_type": 53}, "model": "auth.permission", "pk": 158}, {"fields": {"codename": "delete_conversation", "name": "Can delete conversation", "content_type": 53}, "model": "auth.permission", "pk": 159}, {"fields": {"codename": "add_message", "name": "Can add message", "content_type": 54}, "model": "auth.permission", "pk": 160}, {"fields": {"codename": "change_message", "name": "Can change message", "content_type": 54}, "model": "auth.permission", "pk": 161}, {"fields": {"codename": "delete_message", "name": "Can delete message", "content_type": 54}, "model": "auth.permission", "pk": 162}, {"fields": {"codename": "add_conversationrecipient", "name": "Can add conversation recipient", "content_type": 55}, "model": "auth.permission", "pk": 163}, {"fields": {"codename": "change_conversationrecipient", "name": "Can change conversation recipient", "content_type": 55}, "model": "auth.permission", "pk": 164}, {"fields": {"codename": "delete_conversationrecipient", "name": "Can delete conversation recipient", "content_type": 55}, "model": "auth.permission", "pk": 165}, {"fields": {"codename": "add_usermessage", "name": "Can add user message", "content_type": 56}, "model": "auth.permission", "pk": 166}, {"fields": {"codename": "change_usermessage", "name": "Can change user message", "content_type": 56}, "model": "auth.permission", "pk": 167}, {"fields": {"codename": "delete_usermessage", "name": "Can delete user message", "content_type": 56}, "model": "auth.permission", "pk": 168}, {"fields": {"codename": "add_requesterinputfile", "name": "Can add requester input file", "content_type": 57}, "model": "auth.permission", "pk": 169}, {"fields": {"codename": "change_requesterinputfile", "name": "Can change requester input file", "content_type": 57}, "model": "auth.permission", "pk": 170}, {"fields": {"codename": "delete_requesterinputfile", "name": "Can delete requester input file", "content_type": 57}, "model": "auth.permission", "pk": 171}, {"fields": {"username": "adam.ginzberg", "first_name": "Adam", "last_name": "Ginzberg", "is_active": true, "is_superuser": false, "is_staff": false, "last_login": null, "groups": [], "user_permissions": [], "password": "pbkdf2_sha256$20000$S82XqBoRFwYK$fDQK2VMqRI+63H+S1NySturiCMg1w9GIhV98y4ba7a4=", "email": "aginzberg@gmail.com", "date_joined": "2015-08-07T17:27:23.676Z"}, "model": "auth.user", "pk": 1}, {"fields": {"username": "sara.ginzberg", "first_name": "Sara", "last_name": "Ginzberg", "is_active": true, "is_superuser": false, "is_staff": false, "last_login": null, "groups": [], "user_permissions": [], "password": "pbkdf2_sha256$20000$zXSiKSFh75Qq$+uGcMg+K8hA+P0CwA2A9o9znMYkNGVK6qM6CCYSBiCs=", "email": "sginzberg@gmail.com", "date_joined": "2015-08-07T17:27:38.425Z"}, "model": "auth.user", "pk": 2}, {"fields": {"username": "joe.shmoe", "first_name": "Joe", "last_name": "Shmoe", "is_active": true, "is_superuser": false, "is_staff": false, "last_login": null, "groups": [], "user_permissions": [], "password": "pbkdf2_sha256$20000$Uo72KusDDzuP$09K7N2CWLL4IoH5LrIL6vAwC+KsvwQmEnjB9Pak4V4w=", "email": "joeshmoe@gmail.com", "date_joined": "2015-08-07T17:30:55.350Z"}, "model": "auth.user", "pk": 3}, {"fields": {"redirect_uris": "", "name": "", "client_type": "confidential", "user": 1, "client_id": "Vdbv7t9NGHdY9TASViDSMsH3Os4qB4NbmyxI6B5D", "skip_authorization": false, "client_secret": "L2rAZwLrYh1bjbmpXDABIvxyu1lzoLL6NeDJQ0yAoPUMRnmjp0blh72S2dYdAqKRShBk46oAe7o2BL0h8LOifpTyS2Zjhvo1zSfJFV5oF7fyWxNUWFu48S3HrJvo8GTT", "authorization_grant_type": "password"}, "model": "oauth2_provider.application", "pk": 1}, {"fields": {"redirect_uris": "", "name": "", "client_type": "confidential", "user": 1, "client_id": "m01CBITMDH9m91bQfTswv4SxpbVgt9Wz8xdF4Jqa", "skip_authorization": false, "client_secret": "gCSFzEcSurSnVwMhAkdvxFg3j8zDoDDMfdK5SHNv8X2aQEdqLb60lBczSWoKMSwFn5UFfhEeSi5USL8etOy5BnDUxUSkATK2iyauVNeen794ssFgsWFKPVao9UsgAJ00", "authorization_grant_type": "password"}, "model": "oauth2_provider.application", "pk": 2}, {"fields": {"redirect_uris": "", "name": "", "client_type": "confidential", "user": 3, "client_id": "JIQZhvjXs1WoIi4eKSmVwsHds9ewA7yM2PaKKfJC", "skip_authorization": false, "client_secret": "vzOP4cK7DPZe0arfM9ZtqpydINAzPrIoZZ6w15zmRmriEqDxPCUddS51WdFGWtbsGgGqnKTXWLZmIvIPSR5x8BmL030k2qTtMUObUu1m9dmZb2vshr0KFlCRtdhW2kUm", "authorization_grant_type": "password"}, "model": "oauth2_provider.application", "pk": 3}, {"fields": {"redirect_uris": "", "name": "", "client_type": "confidential", "user": 1, "client_id": "sKCUfhQ0kfn0YqmUO6BDg3EcDtiml89sAlWdAQEO", "skip_authorization": false, "client_secret": "LYONKtRWMUt9sd3S6qjl7tIMnBAyBirWw3VJs8o373wY7FgVqZTZke3w7oCBF29j4EhkZZa4AXwVGvhxVtgKlD1YO9ieJUkPAqHMZO524PzBBt8tkxRryHKaE0xfsPIZ", "authorization_grant_type": "password"}, "model": "oauth2_provider.application", "pk": 4}, {"fields": {"redirect_uris": "", "name": "", "client_type": "confidential", "user": 3, "client_id": "U0Whi4f1QBiCi68N9Ggf7fuouSkr4xuX5px7yFbr", "skip_authorization": false, "client_secret": "oIA6EwXw25ilCjMjm1wDQHlynE6jgrkaTA3YhICJlvT01VabWVVl1nkNXoWWdr4GUX05SeGklnOMGueTWszdBmXEpXW8fGEdIMMB4ugRRGElGFyWvn0xqLFw0g8jUhGi", "authorization_grant_type": "password"}, "model": "oauth2_provider.application", "pk": 5}, {"fields": {"redirect_uris": "", "name": "", "client_type": "confidential", "user": 1, "client_id": "Hnx2AB5V999aB0bIAA753dV5NTDZP0lQ5hNK9xwq", "skip_authorization": false, "client_secret": "fbpLi8NYEcx7SVoO138Y4rGaXRMyMYYcBwrC1jmVPeI6qopo3OJtpDDdGiQOPm9o7yAeSZpNjRzlXWvu77dEl352JsScMDaG3pYHy131VjQcBRLoxvP43SzP1NRdqQji", "authorization_grant_type": "password"}, "model": "oauth2_provider.application", "pk": 6}, {"fields": {"redirect_uris": "", "name": "", "client_type": "confidential", "user": 3, "client_id": "asOkV6hHAas0HugNKi3heNWxHci7pAyzNxRwEhB8", "skip_authorization": false, "client_secret": "aco1KMoX8JfnG34VOq6IQXcw4eiaxf2GG1krMd4fP6HlLREd6KiwToVHL3wpnpI7midelbodajQWbKmEud3DH19xw1mFPF8rGYvOtyEQ8kRa5AscOMMcjutVBN8n2JFN", "authorization_grant_type": "password"}, "model": "oauth2_provider.application", "pk": 7}, {"fields": {"application": 1, "token": "PoHOOA45MgknC4jCfq2e8HLhmtQakd", "expires": "2015-08-08T03:27:39.967Z", "user": 1, "scope": "read write"}, "model": "oauth2_provider.accesstoken", "pk": 1}, {"fields": {"application": 2, "token": "mTBQIQs2ypCtfMDGYWayIDqd1zqkPl", "expires": "2015-08-08T03:30:56.804Z", "user": 1, "scope": "read write"}, "model": "oauth2_provider.accesstoken", "pk": 2}, {"fields": {"application": 3, "token": "5ooEXXCy2lv9pac3imyPgq4FRgghns", "expires": "2015-08-08T08:46:43.875Z", "user": 3, "scope": "read write"}, "model": "oauth2_provider.accesstoken", "pk": 3}, {"fields": {"application": 4, "token": "DIxTUBYuB2ok1IPDqpMr63FQToDuaK", "expires": "2015-08-08T08:47:28.254Z", "user": 1, "scope": "read write"}, "model": "oauth2_provider.accesstoken", "pk": 4}, {"fields": {"application": 5, "token": "4cY7Npofr8OWRQNdYz1U8dcyYljiyw", "expires": "2015-08-08T08:48:43.758Z", "user": 3, "scope": "read write"}, "model": "oauth2_provider.accesstoken", "pk": 5}, {"fields": {"application": 6, "token": "MsMQoHPlGprsPBXmRMUN9BbAyXb3Ub", "expires": "2015-08-08T08:50:38.508Z", "user": 1, "scope": "read write"}, "model": "oauth2_provider.accesstoken", "pk": 6}, {"fields": {"application": 7, "token": "CyZhcQq9kAfjYp5gmpM20kKiJfhDa4", "expires": "2015-08-08T08:50:50.135Z", "user": 3, "scope": "read write"}, "model": "oauth2_provider.accesstoken", "pk": 7}, {"fields": {"access_token": 1, "application": 1, "token": "ZbtOxEORiqKmBYZEGUULHwPpxE1WIV", "user": 1}, "model": "oauth2_provider.refreshtoken", "pk": 1}, {"fields": {"access_token": 2, "application": 2, "token": "zGqwVwoQhHNKFhgtlL1JKrfCJjToL1", "user": 1}, "model": "oauth2_provider.refreshtoken", "pk": 2}, {"fields": {"access_token": 3, "application": 3, "token": "jE9ViNuLvBVrPck4YuBywld48ywy2M", "user": 3}, "model": "oauth2_provider.refreshtoken", "pk": 3}, {"fields": {"access_token": 4, "application": 4, "token": "XYfczsaUg1YnEbm2U0oSuUJt2Q5HBP", "user": 1}, "model": "oauth2_provider.refreshtoken", "pk": 4}, {"fields": {"access_token": 5, "application": 5, "token": "mDMhgtES2XvHkFAplC5r5TtjZipfi2", "user": 3}, "model": "oauth2_provider.refreshtoken", "pk": 5}, {"fields": {"access_token": 6, "application": 6, "token": "Tn8FfHU1vXcN7C2CilwylMzufeSFSL", "user": 1}, "model": "oauth2_provider.refreshtoken", "pk": 6}, {"fields": {"access_token": 7, "application": 7, "token": "NEEYdDPRwEqgQFsOnCi6sm9aT5QtL3", "user": 3}, "model": "oauth2_provider.refreshtoken", "pk": 7}, {"fields": {"picture": null, "verified": false, "worker_alias": "adam.ginzberg", "deleted": false, "gender": "", "requester_alias": "adam.ginzberg", "birthday": null, "user": 1, "address": null, "created_timestamp": "2015-08-07T17:27:23.788Z", "last_updated": "2015-08-07T17:27:23.788Z"}, "model": "crowdsourcing.userprofile", "pk": 1}, {"fields": {"picture": null, "verified": false, "worker_alias": "sara.ginzberg", "deleted": false, "gender": "", "requester_alias": "sara.ginzberg", "birthday": null, "user": 2, "address": null, "created_timestamp": "2015-08-07T17:27:38.529Z", "last_updated": "2015-08-07T17:27:38.529Z"}, "model": "crowdsourcing.userprofile", "pk": 2}, {"fields": {"picture": null, "verified": false, "worker_alias": "joe.shmoe", "deleted": false, "gender": "", "requester_alias": "joe.shmoe", "birthday": null, "user": 3, "address": null, "created_timestamp": "2015-08-07T17:30:55.466Z", "last_updated": "2015-08-07T17:30:55.466Z"}, "model": "crowdsourcing.userprofile", "pk": 3}]