[{"fields": {"model": "permission", "app_label": "auth"}, "model": "contenttypes.contenttype", "pk": 1}, {"fields": {"model": "group", "app_label": "auth"}, "model": "contenttypes.contenttype", "pk": 2}, {"fields": {"model": "user", "app_label": "auth"}, "model": "contenttypes.contenttype", "pk": 3}, {"fields": {"model": "contenttype", "app_label": "contenttypes"}, "model": "contenttypes.contenttype", "pk": 4}, {"fields": {"model": "session", "app_label": "sessions"}, "model": "contenttypes.contenttype", "pk": 5}, {"fields": {"model": "application", "app_label": "oauth2_provider"}, "model": "contenttypes.contenttype", "pk": 6}, {"fields": {"model": "grant", "app_label": "oauth2_provider"}, "model": "contenttypes.contenttype", "pk": 7}, {"fields": {"model": "accesstoken", "app_label": "oauth2_provider"}, "model": "contenttypes.contenttype", "pk": 8}, {"fields": {"model": "refreshtoken", "app_label": "oauth2_provider"}, "model": "contenttypes.contenttype", "pk": 9}, {"fields": {"model": "registrationmodel", "app_label": "crowdsourcing"}, "model": "contenttypes.contenttype", "pk": 10}, {"fields": {"model": "passwordresetmodel", "app_label": "crowdsourcing"}, "model": "contenttypes.contenttype", "pk": 11}, {"fields": {"model": "region", "app_label": "crowdsourcing"}, "model": "contenttypes.contenttype", "pk": 12}, {"fields": {"model": "country", "app_label": "crowdsourcing"}, "model": "contenttypes.contenttype", "pk": 13}, {"fields": {"model": "city", "app_label": "crowdsourcing"}, "model": "contenttypes.contenttype", "pk": 14}, {"fields": {"model": "address", "app_label": "crowdsourcing"}, "model": "contenttypes.contenttype", "pk": 15}, {"fields": {"model": "role", "app_label": "crowdsourcing"}, "model": "contenttypes.contenttype", "pk": 16}, {"fields": {"model": "language", "app_label": "crowdsourcing"}, "model": "contenttypes.contenttype", "pk": 17}, {"fields": {"model": "userprofile", "app_label": "crowdsourcing"}, "model": "contenttypes.contenttype", "pk": 18}, {"fields": {"model": "usercountry", "app_label": "crowdsourcing"}, "model": "contenttypes.contenttype", "pk": 19}, {"fields": {"model": "skill", "app_label": "crowdsourcing"}, "model": "contenttypes.contenttype", "pk": 20}, {"fields": {"model": "worker", "app_label": "crowdsourcing"}, "model": "contenttypes.contenttype", "pk": 21}, {"fields": {"model": "workerskill", "app_label": "crowdsourcing"}, "model": "contenttypes.contenttype", "pk": 22}, {"fields": {"model": "requester", "app_label": "crowdsourcing"}, "model": "contenttypes.contenttype", "pk": 23}, {"fields": {"model": "userrole", "app_label": "crowdsourcing"}, "model": "contenttypes.contenttype", "pk": 24}, {"fields": {"model": "friendship", "app_label": "crowdsourcing"}, "model": "contenttypes.contenttype", "pk": 25}, {"fields": {"model": "category", "app_label": "crowdsourcing"}, "model": "contenttypes.contenttype", "pk": 26}, {"fields": {"model": "project", "app_label": "crowdsourcing"}, "model": "contenttypes.contenttype", "pk": 27}, {"fields": {"model": "projectrequester", "app_label": "crowdsourcing"}, "model": "contenttypes.contenttype", "pk": 28}, {"fields": {"model": "template", "app_label": "crowdsourcing"}, "model": "contenttypes.contenttype", "pk": 29}, {"fields": {"model": "module", "app_label": "crowdsourcing"}, "model": "contenttypes.contenttype", "pk": 30}, {"fields": {"model": "modulecategory", "app_label": "crowdsourcing"}, "model": "contenttypes.contenttype", "pk": 31}, {"fields": {"model": "projectcategory", "app_label": "crowdsourcing"}, "model": "contenttypes.contenttype", "pk": 32}, {"fields": {"model": "templateitem", "app_label": "crowdsourcing"}, "model": "contenttypes.contenttype", "pk": 33}, {"fields": {"model": "moduletemplate", "app_label": "crowdsourcing"}, "model": "contenttypes.contenttype", "pk": 34}, {"fields": {"model": "templateitemproperties", "app_label": "crowdsourcing"}, "model": "contenttypes.contenttype", "pk": 35}, {"fields": {"model": "task", "app_label": "crowdsourcing"}, "model": "contenttypes.contenttype", "pk": 36}, {"fields": {"model": "taskworker", "app_label": "crowdsourcing"}, "model": "contenttypes.contenttype", "pk": 37}, {"fields": {"model": "taskworkerresult", "app_label": "crowdsourcing"}, "model": "contenttypes.contenttype", "pk": 38}, {"fields": {"model": "workermoduleapplication", "app_label": "crowdsourcing"}, "model": "contenttypes.contenttype", "pk": 39}, {"fields": {"model": "activitylog", "app_label": "crowdsourcing"}, "model": "contenttypes.contenttype", "pk": 40}, {"fields": {"model": "qualification", "app_label": "crowdsourcing"}, "model": "contenttypes.contenttype", "pk": 41}, {"fields": {"model": "qualificationitem", "app_label": "crowdsourcing"}, "model": "contenttypes.contenttype", "pk": 42}, {"fields": {"model": "userlanguage", "app_label": "crowdsourcing"}, "model": "contenttypes.contenttype", "pk": 43}, {"fields": {"model": "currency", "app_label": "crowdsourcing"}, "model": "contenttypes.contenttype", "pk": 44}, {"fields": {"model": "userpreferences", "app_label": "crowdsourcing"}, "model": "contenttypes.contenttype", "pk": 45}, {"fields": {"model": "requesterranking", "app_label": "crowdsourcing"}, "model": "contenttypes.contenttype", "pk": 46}, {"fields": {"model": "modulerating", "app_label": "crowdsourcing"}, "model": "contenttypes.contenttype", "pk": 47}, {"fields": {"model": "modulereview", "app_label": "crowdsourcing"}, "model": "contenttypes.contenttype", "pk": 48}, {"fields": {"model": "flowmodel", "app_label": "crowdsourcing"}, "model": "contenttypes.contenttype", "pk": 49}, {"fields": {"model": "accountmodel", "app_label": "crowdsourcing"}, "model": "contenttypes.contenttype", "pk": 50}, {"fields": {"model": "credentialsmodel", "app_label": "crowdsourcing"}, "model": "contenttypes.contenttype", "pk": 51}, {"fields": {"model": "temporaryflowmodel", "app_label": "crowdsourcing"}, "model": "contenttypes.contenttype", "pk": 52}, {"fields": {"model": "bookmarkedprojects", "app_label": "crowdsourcing"}, "model": "contenttypes.contenttype", "pk": 53}, {"fields": {"model": "conversation", "app_label": "crowdsourcing"}, "model": "contenttypes.contenttype", "pk": 54}, {"fields": {"model": "message", "app_label": "crowdsourcing"}, "model": "contenttypes.contenttype", "pk": 55}, {"fields": {"model": "conversationrecipient", "app_label": "crowdsourcing"}, "model": "contenttypes.contenttype", "pk": 56}, {"fields": {"model": "usermessage", "app_label": "crowdsourcing"}, "model": "contenttypes.contenttype", "pk": 57}, {"fields": {"model": "requesterinputfile", "app_label": "crowdsourcing"}, "model": "contenttypes.contenttype", "pk": 58}, {"fields": {"model": "workerrequesterrating", "app_label": "crowdsourcing"}, "model": "contenttypes.contenttype", "pk": 59}, {"fields": {"model": "comment", "app_label": "crowdsourcing"}, "model": "contenttypes.contenttype", "pk": 60}, {"fields": {"model": "modulecomment", "app_label": "crowdsourcing"}, "model": "contenttypes.contenttype", "pk": 61}, {"fields": {"model": "taskcomment", "app_label": "crowdsourcing"}, "model": "contenttypes.contenttype", "pk": 62}, {"fields": {"expire_date": "2015-09-08T07:35:39.030Z", "session_data": "MTBjYzFjYWEyMTk1M2JhMmY0ZWU4Yzk0YjNiNWIxNDgwMDM1MjVkYTp7Il9hdXRoX3VzZXJfaGFzaCI6ImJjYzJlYTc5MDBiMjE5MzI0MTQ3ZjViMmQ3OWE2N2QyYWRjYTI4ZWUiLCJfYXV0aF91c2VyX2JhY2tlbmQiOiJkamFuZ28uY29udHJpYi5hdXRoLmJhY2tlbmRzLk1vZGVsQmFja2VuZCIsIl9hdXRoX3VzZXJfaWQiOiIyIn0="}, "model": "sessions.session", "pk": "zuw8mcyy0rd8arb2sfv4956lgzkhn7ch"}, {"fields": {"profile": 1, "deleted": false, "alias": "adam.g"}, "model": "crowdsourcing.worker", "pk": 1}, {"fields": {"profile": 2, "deleted": false, "alias": "rohit.n"}, "model": "crowdsourcing.worker", "pk": 2}, {"fields": {"profile": 3, "deleted": false, "alias": "durim.m"}, "model": "crowdsourcing.worker", "pk": 3}, {"fields": {"profile": 1, "alias": "adam.g"}, "model": "crowdsourcing.requester", "pk": 1}, {"fields": {"profile": 2, "alias": "rohit.n"}, "model": "crowdsourcing.requester", "pk": 2}, {"fields": {"profile": 3, "alias": "durim.m"}, "model": "crowdsourcing.requester", "pk": 3}, {"fields": {"deleted": false, "created_timestamp": "2015-05-01T00:17:40.085Z", "last_updated": "2015-05-01T00:17:40.085Z", "name": "Run an experiment", "parent": null}, "model": "crowdsourcing.category", "pk": 0}, {"fields": {"deleted": false, "created_timestamp": "2015-05-01T00:17:40.085Z", "last_updated": "2015-05-01T00:17:40.085Z", "name": "Translate a document", "parent": null}, "model": "crowdsourcing.category", "pk": 1}, {"fields": {"deleted": false, "created_timestamp": "2015-05-01T00:17:40.085Z", "last_updated": "2015-05-01T00:17:40.085Z", "name": "Create a website", "parent": null}, "model": "crowdsourcing.category", "pk": 2}, {"fields": {"deleted": false, "created_timestamp": "2015-05-01T00:17:40.085Z", "last_updated": "2015-05-01T00:17:40.085Z", "name": "Proofreading/editing", "parent": null}, "model": "crowdsourcing.category", "pk": 3}, {"fields": {"deleted": false, "created_timestamp": "2015-05-01T00:17:40.085Z", "last_updated": "2015-05-01T00:17:40.085Z", "name": "Transcribe text", "parent": null}, "model": "crowdsourcing.category", "pk": 4}, {"fields": {"deleted": false, "created_timestamp": "2015-05-01T00:17:40.085Z", "last_updated": "2015-05-01T00:17:40.085Z", "name": "Copywriting", "parent": null}, "model": "crowdsourcing.category", "pk": 5}, {"fields": {"deleted": false, "created_timestamp": "2015-05-01T00:17:40.085Z", "last_updated": "2015-05-01T00:17:40.085Z", "name": "Design", "parent": null}, "model": "crowdsourcing.category", "pk": 6}, {"fields": {"deleted": false, "created_timestamp": "2015-05-01T00:17:40.085Z", "last_updated": "2015-05-01T00:17:40.085Z", "name": "Other", "parent": null}, "model": "crowdsourcing.category", "pk": 7}, {"fields": {"save_to_drive": false, "last_updated": "2015-08-25T07:32:32.914Z", "description": "blah blah", "end_date": "2015-08-25T07:32:32.914Z", "deleted": false, "keywords": null, "created_timestamp": "2015-08-25T07:32:32.914Z", "owner": 1, "start_date": "2015-08-25T07:32:32.914Z", "name": "Microsoft Task"}, "model": "crowdsourcing.project", "pk": 1}, {"fields": {"share_with_others": false, "last_updated": "2015-08-25T07:32:32.984Z", "name": "template_epNibyPQ", "deleted": false, "price": 0.0, "created_timestamp": "2015-08-25T07:32:32.984Z", "owner": 1, "source_html": null}, "model": "crowdsourcing.template", "pk": 1}, {"fields": {"status": 1, "data_set_location": "No data set", "last_updated": "2015-08-25T07:37:01.905Z", "name": "Prototype Task", "is_micro": true, "deleted": false, "price": 3.0, "feedback_permissions": 1, "has_data_set": true, "project": 1, "keywords": null, "created_timestamp": "2015-08-25T07:32:32.972Z", "task_time": 3.0, "module_timeout": 0, "owner": 1, "repetition": 3, "is_prototype": true, "allow_feedback": true, "min_rating": 3.27260021539146, "description": "yada yada yada"}, "model": "crowdsourcing.module", "pk": 1}, {"fields": {"project": 1, "category": 7, "created_timestamp": "2015-08-25T07:32:32.919Z", "last_updated": "2015-08-25T07:32:32.919Z"}, "model": "crowdsourcing.projectcategory", "pk": 1}, {"fields": {"last_updated": "2015-08-25T07:32:33.037Z", "data_source": "InputText", "layout": "column", "name": "labelid1", "deleted": false, "values": "Label 1", "role": "display", "template": 1, "position": 1, "created_timestamp": "2015-08-25T07:32:33.037Z", "id_string": "id1", "type": "label", "sub_type": "h4", "icon": null}, "model": "crowdsourcing.templateitem", "pk": 1}, {"fields": {"last_updated": "2015-08-25T07:32:33.043Z", "data_source": "ShortenedText1", "layout": "column", "name": "labeled_inputid2", "deleted": false, "values": "Label1", "role": "input", "template": 1, "position": 2, "created_timestamp": "2015-08-25T07:32:33.043Z", "id_string": "id2", "type": "labeled_input", "sub_type": "h4", "icon": null}, "model": "crowdsourcing.templateitem", "pk": 2}, {"fields": {"last_updated": "2015-08-25T07:32:33.047Z", "data_source": "ShortenedText2", "layout": "column", "name": "labeled_inputid3", "deleted": false, "values": "Label1", "role": "input", "template": 1, "position": 3, "created_timestamp": "2015-08-25T07:32:33.047Z", "id_string": "id3", "type": "labeled_input", "sub_type": "h4", "icon": null}, "model": "crowdsourcing.templateitem", "pk": 3}, {"fields": {"template": 1, "module": 1}, "model": "crowdsourcing.moduletemplate", "pk": 1}, {"fields": {"status": 2, "last_updated": "2015-08-25T07:34:45.202Z", "deleted": false, "price": 0.0, "module": 1, "created_timestamp": "2015-08-25T07:32:33.054Z", "data": "{\"ShortenedText1\": \"The thrift said the association expects near record earnings in 1990, after these charges and with stable interest rates.\", \"ShortenedText3\": \"The thrift association expects near record earnings for 1990 assuming little changes in interest rates.\", \"ShortenedText2\": \"The thrift said: \\\" with no large change in interest rates, the association expects near record earnings in 1990. \\\"\", \"ShortenedText5\": \"The association expects to achieve near record earnings in 1990.\", \"ShortenedText4\": \"The association expects to achieve near record earnings in 1990 after the changes with no fluctuation in interest rates.\", \"InputText\": \"The thrift said that \\\" after these charges and assuming no dramatic fluctuation in interest rates, the association expects to achieve near record earnings in 1990. \\\"\", \"Type\": \"Newswire\"}"}, "model": "crowdsourcing.task", "pk": 1}, {"fields": {"status": 2, "last_updated": "2015-08-25T07:35:43.631Z", "deleted": false, "price": 0.0, "module": 1, "created_timestamp": "2015-08-25T07:32:33.063Z", "data": "{\"ShortenedText1\": \"The inauguration of Dubai Internet City coincides with the opening of the Gulf Information Technology Exhibition, an annual IT show.\", \"ShortenedText3\": \"nnnnnnnnnnnnnnnnnnnnnnnnnnnnnnnnnnnnnnnnnnnnnnnnnnnnnnnnnnnnnnnnnnnnnnnnnnnnnnnnnnnnnnnnnnnnnnnnnnnnnnnnnn\", \"ShortenedText2\": \"The inauguration of Dubai Internet City coincides with the opening of an IT show in Dubai, the Gulf Information Technology Exhibition .\", \"ShortenedText5\": \"The inauguration of Dubai Internet City coincides with the opening of an annual IT show in Dubai.\", \"ShortenedText4\": \"The inauguration of Dubai Internet City coincides with the opening of Gitex,in Dubai. \", \"InputText\": \"The inauguration of Dubai Internet City coincides with the opening of an annual IT show in Dubai, the Gulf Information Technology Exhibition ( Gitex ), the biggest in the Middle East.\", \"Type\": \"Newswire\"}"}, "model": "crowdsourcing.task", "pk": 2}, {"fields": {"status": 2, "last_updated": "2015-08-25T07:35:27.628Z", "deleted": false, "price": 0.0, "module": 1, "created_timestamp": "2015-08-25T07:32:33.068Z", "data": "{\"ShortenedText1\": \"Manager Jack Lawless predicts much of Sprint's 800 service will \\\"migrate to 900.\\\"\", \"ShortenedText3\": \"Most of the 800 sevrvice will go to 900, predicts Jack Lawless CEO of US Sprint's.\", \"ShortenedText2\": \"Much of the 800 service will \\\" migrate to 900, \\\" predicts Jack Lawless.\", \"ShortenedText5\": \"Much of the 800 services will migrate to 900, predicts Jack Lawless.\", \"ShortenedText4\": \"Much of the 800 service will migrate to 900,  says the manager of the 900 product.\", \"InputText\": \"Much of the 800 service will \\\" migrate to 900, \\\" predicts Jack Lawless, general manager of US Sprint's 900 product.\", \"Type\": \"Newswire\"}"}, "model": "crowdsourcing.task", "pk": 3}, {"fields": {"status": 2, "last_updated": "2015-08-25T07:35:34.295Z", "deleted": false, "price": 0.0, "module": 1, "created_timestamp": "2015-08-25T07:32:33.076Z", "data": "{\"ShortenedText1\": \"The NJ Supreme Court on Tuesday overturned the death sentence of Leslie Ann Nelson who used AK-47 to kill a policeman and an investigator.\", \"ShortenedText3\": \"The New Jersey Supreme Court on Tuesday overturned the death sentence of Leslie Ann Nelson, who killed a police officer and an investigator.\", \"ShortenedText2\": \"The New Jersey Supreme Court overturned the death sentence of Leslie Ann Nelson on Tuesday.\", \"ShortenedText5\": \"The New Jersey Supreme Court overturned the death sentence of Leslie Ann Nelson,  who killed a police officer and an investigator. \", \"ShortenedText4\": \"The New Jersey Supreme Court overturned the death sentence of Leslie Ann Nelson, who killed a police officer\", \"InputText\": \"The New Jersey Supreme Court on Tuesday overturned the death sentence of Leslie Ann Nelson, a transsexual go-go dancer who killed a police officer and an investigator with an AK-47 rifle.\", \"Type\": \"Newswire\"}"}, "model": "crowdsourcing.task", "pk": 4}, {"fields": {"status": 1, "last_updated": "2015-08-25T07:32:33.085Z", "deleted": false, "price": 0.0, "module": 1, "created_timestamp": "2015-08-25T07:32:33.085Z", "data": "{\"ShortenedText1\": \"James Leape, conservation deputy director at the David and Lucile Packard Foundation, said it's simply good strategy\", \"ShortenedText3\": \"Press release distribution improves online visibility and helps you connect with target audiences around the world\", \"ShortenedText2\": \"That's simply good strategy, said deputy director  James Leape\", \"ShortenedText5\": \"James Leape, deputy director, said \\\"That's simply good strategy\\\".\", \"ShortenedText4\": \"That's a good strategy, said James Leape, deputy director of the program for Packard Foundation in Los Altos, Calif.\", \"InputText\": \"That's simply good strategy, said James Leape, deputy director of the conservation program for the David and Lucile Packard Foundation in Los Altos, Calif.\", \"Type\": \"Newswire\"}"}, "model": "crowdsourcing.task", "pk": 5}, {"fields": {"status": 1, "last_updated": "2015-08-25T07:32:33.094Z", "deleted": false, "price": 0.0, "module": 1, "created_timestamp": "2015-08-25T07:32:33.094Z", "data": "{\"ShortenedText1\": \"The volatility of oil and natural gas prices due to factors beyond our control greatly ..... the lease terminates\", \"ShortenedText3\": \"Also, Hadson said it will write off about $3.5 million in costs related to unsuccessful international exploration leases.\", \"ShortenedText2\": \"Hadson said it will write off about $3.5 million in costs where exploration efforts have been unsuccesful\", \"ShortenedText5\": \"Hadson said it will write off about $3.5 million in costs related to unsuccessful exploration efforts.\", \"ShortenedText4\": \"Hadson said it will write off $3.5 million related to international exploration leases.\", \"InputText\": \"In addition, Hadson said it will write off about $3.5 million in costs related to international exploration leases where exploration efforts have been unsuccessful.\", \"Type\": \"Newswire\"}"}, "model": "crowdsourcing.task", "pk": 6}, {"fields": {"status": 1, "last_updated": "2015-08-25T07:32:33.104Z", "deleted": false, "price": 0.0, "module": 1, "created_timestamp": "2015-08-25T07:32:33.104Z", "data": "{\"ShortenedText1\": \"The British paper said profit from continuing lines fell 10 % to 118 million from 130.6 million.\", \"ShortenedText3\": \"The British paper said profit from continuing lines fell 10%.\", \"ShortenedText2\": \"Latest news, breaking news and current affairs coverage from across the UK from...\", \"ShortenedText5\": \"Packaging and publishing concern reveal a 10% drop in profits from 130.6 to 118 million.\", \"ShortenedText4\": \"Profit declined to #118 million for the British paper, packaging and publishing concern.\", \"InputText\": \"The British paper, packaging and publishing concern, said profit from continuing lines fell 10 % to # 118 million from # 130.6 million.\", \"Type\": \"Newswire\"}"}, "model": "crowdsourcing.task", "pk": 7}, {"fields": {"status": 1, "last_updated": "2015-08-25T07:32:33.115Z", "deleted": false, "price": 0.0, "module": 1, "created_timestamp": "2015-08-25T07:32:33.115Z", "data": "{\"ShortenedText1\": \"Mr. Ackerman said the market price paid, prove that Mr. Edelman is running scared.\", \"ShortenedText3\": \"The buy - back, and the above - price prove Mr. Edelman is scared, Mr. Ackerman says.\", \"ShortenedText2\": \"Mr. Edelman's concern is shown with his purchase above the market price paid.\", \"ShortenedText5\": \"Mr. Ackerman said the buy-back and above - market price, prove Mr. Edelman is scared.\", \"ShortenedText4\": \"What a morning we had at Lane. The first ever Lane Trashin' Show was held.\", \"InputText\": \"But Mr. Ackerman said the buy - back, and the above - market price paid, prove that Mr. Edelman is running scared.\", \"Type\": \"Newswire\"}"}, "model": "crowdsourcing.task", "pk": 8}, {"fields": {"status": 1, "last_updated": "2015-08-25T07:32:33.121Z", "deleted": false, "price": 0.0, "module": 1, "created_timestamp": "2015-08-25T07:32:33.121Z", "data": "{\"ShortenedText1\": \"The Finnish government and Waertsilae Marine Industries agreed in principle to form a new company to complete most of the shipyard's backlog of 15 ships\", \"ShortenedText3\": \"Bankruptcies in Finland is reported by the Statistics Finland. In Finland, bankruptcies account for insolvent corporations who cannot repay..\", \"ShortenedText2\": \"The Finnish government and major creditors of Waertsilae Marine Industries Oy agreed to form a new company to complete most of the 15 ship backlog.\", \"ShortenedText5\": \"The Finnish government and Waertsilae Marine Industries Oy agreed to a form of new company to complete most of the troubled shipyard backlog.\", \"ShortenedText4\": \"The government and creditors of the shipyard agreed a new company should complete the shipyard's backlog.\", \"InputText\": \"The Finnish government and major creditors of bankrupt shipyard Waertsilae Marine Industries Oy agreed in principle to form a new company to complete most of the troubled shipyard's backlog of 15 ships.\", \"Type\": \"Newswire\"}"}, "model": "crowdsourcing.task", "pk": 9}, {"fields": {"status": 1, "last_updated": "2015-08-25T07:32:33.133Z", "deleted": false, "price": 0.0, "module": 1, "created_timestamp": "2015-08-25T07:32:33.133Z", "data": "{\"ShortenedText1\": \"An Intelogic announcement that it will retain an investment banker to explore alternatives, including the possible sale of the company.\", \"ShortenedText3\": \"Intelogic made an announcement that it will explore alternatives \\\"to maximize shareholder value,\\\" including possible sale of the company.\", \"ShortenedText2\": \"Itelogic accounced that it will retain an investment banker to explore ways to maximize shareholder value, which may include the sale of the company.\", \"ShortenedText5\": \"Intelogic announced that an investment banker will explore ways to maximize shareholder value, including selling the company.\", \"ShortenedText4\": \"nnnnnnnnnnnnnnnnnnnnnnnnnnnnnnnnnnnnnnnnnnnnnnnnnnnnnnnnnnnnnnnnnnnnnnnnnnnnnnnnnnn\", \"InputText\": \"The action followed by one day an Intelogic announcement that it will retain an investment banker to explore alternatives \\\" to maximize shareholder value, \\\" including the possible sale of the company.\", \"Type\": \"Newswire\"}"}, "model": "crowdsourcing.task", "pk": 10}, {"fields": {"status": 1, "last_updated": "2015-08-25T07:32:33.147Z", "deleted": false, "price": 0.0, "module": 1, "created_timestamp": "2015-08-25T07:32:33.147Z", "data": "{\"ShortenedText1\": \"The California earthquake last month will result in a fourth quarter pre-tax charge of less than $10 M\", \"ShortenedText3\": \"The CA earthquake will cause an estimated fourth - quarter pre-tax under $10 million.\", \"ShortenedText2\": \"Scientists said the reason for the increased estimate was because of But recent large California ...\", \"ShortenedText5\": \"The California earthquake may result in a fourth-quarter pre-tax charge of under $10 million.\", \"ShortenedText4\": \"Travelers estimates the latest California quake will result in a pre-tax charge of <$10 million.\", \"InputText\": \"Travelers estimated that the California earthquake last month will result in a fourth - quarter pre-tax charge of less than $10 million.\", \"Type\": \"Newswire\"}"}, "model": "crowdsourcing.task", "pk": 11}, {"fields": {"status": 1, "last_updated": "2015-08-25T07:32:33.155Z", "deleted": false, "price": 0.0, "module": 1, "created_timestamp": "2015-08-25T07:32:33.155Z", "data": "{\"ShortenedText1\": \"The opinion was the court would impose higher standards in capital cases \", \"ShortenedText3\": \"Higher standards in capital cases when reviewing prosecutors' conduct and jury instructions would be imposed.\", \"ShortenedText2\": \"The majority opinion said the court should use higher standard in cases when reviewing prosecutors.\", \"ShortenedText5\": \"The majority opinion by Justice John Paul Stevens provoked a sharp retort from The Supreme Court said Tuesday that state worker\", \"ShortenedText4\": \"The majority opinion said court will impose higher standards when reviewing prosecutors' conduct jury instructions.\", \"InputText\": \"The majority opinion Tuesday said the court would impose higher standards in capital cases when reviewing prosecutors ' conduct and possibly ambiguous jury instructions.\", \"Type\": \"Newswire\"}"}, "model": "crowdsourcing.task", "pk": 12}, {"fields": {"status": 1, "last_updated": "2015-08-25T07:32:33.165Z", "deleted": false, "price": 0.0, "module": 1, "created_timestamp": "2015-08-25T07:32:33.165Z", "data": "{\"ShortenedText1\": \"Travelers Corp's third-quarter net income rose 11 %.\", \"ShortenedText3\": \"Travelers Corp.'s 3rd-quarter income rose 11 %, even though claims lowered from \\\"Hugo\\\" by 40 mil.\", \"ShortenedText2\": \"Travelers Corp.'s net income rose, even as claims stemming from Hurricane reduced results sharply.\", \"ShortenedText5\": \"Traveler's third-quarter net income rose 11%, even after Hurricane Hugo claims were $40 million.\", \"ShortenedText4\": \"Travelers Corp.'s claims reduced $40 million in the third-quarter with net income rising 11 %, \", \"InputText\": \"Travelers Corp.'s third-quarter net income rose 11 %, even though claims stemming from Hurricane Hugo reduced results $40 million.\", \"Type\": \"Newswire\"}"}, "model": "crowdsourcing.task", "pk": 13}, {"fields": {"status": 1, "last_updated": "2015-08-25T07:32:33.169Z", "deleted": false, "price": 0.0, "module": 1, "created_timestamp": "2015-08-25T07:32:33.169Z", "data": "{\"ShortenedText1\": \"Elco Industries Inc. said it expects net income in 1990, to fall below a recent analyst's estimate.\", \"ShortenedText3\": \"Elco Industries Inc. expects net income ending 6/30/1990 to fall below $1.65 a share.\", \"ShortenedText2\": \"Elco Industries Inc. expects net income at year end 1990, to fall below recent estimate of $1.65 a share.\", \"ShortenedText5\": \" elco industries inc. expecte income in 1990 to fall below $1.65 a share\", \"ShortenedText4\": \"Elco Industries Inc. expects net income to fall below $1.65 a share in the year ending June, 30 1990.\", \"InputText\": \"Elco Industries Inc. said it expects net income in the year ending June 30, 1990, to fall below a recent analyst's estimate of $1.65 a share.\", \"Type\": \"Newswire\"}"}, "model": "crowdsourcing.task", "pk": 14}, {"fields": {"status": 1, "last_updated": "2015-08-25T07:32:33.178Z", "deleted": false, "price": 0.0, "module": 1, "created_timestamp": "2015-08-25T07:32:33.178Z", "data": "{\"ShortenedText1\": \"The seafood industry is less than thrilled about this surge of interest in ocean ecosystems.\", \"ShortenedText3\": \"seafood industry unhappy about interest in ocean ecosystems from non scientists\", \"ShortenedText2\": \"More people are interested in ocean ecosystems and the seafood industry is not happy.\", \"ShortenedText5\": \"The seafood industry is unhappy with the surge of interest in ocean ecosystems from the public.\", \"ShortenedText4\": \"The seafood industry isn't happy about non-scientist showing more interest in ocean ecosystems.\", \"InputText\": \"The seafood industry is less than thrilled about this surge of interest in ocean ecosystems from people who are not scientists.\", \"Type\": \"Newswire\"}"}, "model": "crowdsourcing.task", "pk": 15}, {"fields": {"status": 1, "last_updated": "2015-08-25T07:32:33.184Z", "deleted": false, "price": 0.0, "module": 1, "created_timestamp": "2015-08-25T07:32:33.184Z", "data": "{\"ShortenedText1\": \"His stop in Malaysia also highlighted the moral ambiguities of the effort to prevent terrorism and its emphasis on cooperation with governments\", \"ShortenedText3\": \"His visit to Malaysia highlights the morality of anti-terrorism with governments often criticized by the US.\", \"ShortenedText2\": \"his stop in malaysia shows effort to prevent terrorism and promote cooperation with governments in the u.s.\", \"ShortenedText5\": \"His stop highlighted the moral ambiguities of the effort to prevent terrorism and its cooperation with governments criticized by the U.S.A.\", \"ShortenedText4\": \"His stop in Malaysia highlighted moral ambiguities of efforts to prevent terrorism and cooporation with governments the U.S. has often criticized.\", \"InputText\": \"His brief stop in Malaysia also highlighted the moral ambiguities of the effort to prevent terrorism and its emphasis on cooperation with governments that the United States has often criticized.\", \"Type\": \"Newswire\"}"}, "model": "crowdsourcing.task", "pk": 16}, {"fields": {"status": 1, "last_updated": "2015-08-25T07:32:33.189Z", "deleted": false, "price": 0.0, "module": 1, "created_timestamp": "2015-08-25T07:32:33.189Z", "data": "{\"ShortenedText1\": \"Timex is a major U.S. producer and seller of watches assembled in the Philippines and other developing nations covered by the U.S. tariff preferences.\", \"ShortenedText3\": \"timex is a major u.s. producer and seller watches assembled in the philipines and other nations.\", \"ShortenedText2\": \"Timex watches assembled in developing nations like the Philippines are covered by the U.S. tariff preferences.\", \"ShortenedText5\": \"Business leaders in the United States envy his ability to keep sales and of US Time Corp parent company of Timex Watch\", \"ShortenedText4\": \"Timex is a U.S. producer and seller of watches assembled in developing nations covered by the U.S. tariff preferences.\", \"InputText\": \"Timex is a major U.S. producer and seller of watches, including low - priced battery - operated watches assembled in the Philippines and other developing nations covered by the U.S. tariff preferences.\", \"Type\": \"Newswire\"}"}, "model": "crowdsourcing.task", "pk": 17}, {"fields": {"status": 1, "last_updated": "2015-08-25T07:32:33.196Z", "deleted": false, "price": 0.0, "module": 1, "created_timestamp": "2015-08-25T07:32:33.196Z", "data": "{\"ShortenedText1\": \"A spokeswoman said employees were told that numerous staff functions for the personal insurance lines were going to be a cost cutting move.\", \"ShortenedText3\": \"A spokeswoman for Crum & Forster said employees were told that staff functions for personal insurance lines would be centralized to cut costs.\", \"ShortenedText2\": \"A Crum & Forster spokeswoman said employees were told that many functions for personal insurance lines would be centralized to cut costs.  \", \"ShortenedText5\": \"Crum & Foster announced that many staff functions for personal insurance lines were going to be centralized to cut costs.\", \"ShortenedText4\": \"Crum & Forster employees were told this week of some personal insurance line functions being cut to save costs.\", \"InputText\": \"A spokeswoman for Crum & Forster said employees were told early this week that numerous staff functions for the personal insurance lines were going to be centralized as a cost - cutting move.\", \"Type\": \"Newswire\"}"}, "model": "crowdsourcing.task", "pk": 18}, {"fields": {"status": 1, "last_updated": "2015-08-25T07:32:33.204Z", "deleted": false, "price": 0.0, "module": 1, "created_timestamp": "2015-08-25T07:32:33.204Z", "data": "{\"ShortenedText1\": \"RMS International Inc. is facing a cash-flow squeeze, said it is seeking other financing sources.\", \"ShortenedText3\": \"RMS International Inc. is seeking other financing sources and waivers from debenture holders.\", \"ShortenedText2\": \"rms international inc., in n.j. facing cash flow problems, is seeking financial sources from holders\", \"ShortenedText5\": \"nnnnnnnnnnnnnnnnnnnnnnnnnnnnnnnnnnnnnnnnnnnnnnnnnnnnnnnnnnnnnnnnnnnnnnnnnnnnnnnnnnnnnnnnnnnn\", \"ShortenedText4\": \"Facing a cash flow squeeze, RMS International Inc. is seeking other financing sources and waivers.\", \"InputText\": \"RMS International Inc., Hasbrouk Heights, N.J., facing a cash-flow squeeze, said it is seeking other financing sources and waivers from debenture holders.\", \"Type\": \"Newswire\"}"}, "model": "crowdsourcing.task", "pk": 19}, {"fields": {"status": 1, "last_updated": "2015-08-25T07:32:33.213Z", "deleted": false, "price": 0.0, "module": 1, "created_timestamp": "2015-08-25T07:32:33.213Z", "data": "{\"ShortenedText1\": \"More politicians will launch their campaigns by backing initiatives, says David Magleby.\", \"ShortenedText3\": \"David Magleby said that more politicians will launch their campaigns by backing initiatives.\", \"ShortenedText2\": \"David Magleby says that more politicians will launch campaigns by backing initiatives.\", \"ShortenedText5\": \"More politicians will launch their campaigns by backing initiatives, says David Magleby.\", \"ShortenedText4\": \"David Magleby of Brigham Young University says that politicians will launch campaigns by backing initiatives.\", \"InputText\": \"Taking a cue from California, more politicians will launch their campaigns by backing initiatives, says David Magleby of Brigham Young University.\", \"Type\": \"Newswire\"}"}, "model": "crowdsourcing.task", "pk": 20}, {"fields": {"status": 1, "last_updated": "2015-08-25T07:32:33.218Z", "deleted": false, "price": 0.0, "module": 1, "created_timestamp": "2015-08-25T07:32:33.218Z", "data": "{\"ShortenedText1\": \"Chefs and seafood retailers are wading into fisheries management.\", \"ShortenedText3\": \"Seafood retailers and chefs are wading into fisheries management.\", \"ShortenedText2\": \"Chefs and retailers are entering a most pressing resource issue of the day: fisheries management.\", \"ShortenedText5\": \"Retailers have discovered the hottest natural resource issue of the day: fisheries management\", \"ShortenedText4\": \"chefs and seafood retailers are entering into fishery management.\", \"InputText\": \"( UNDATED ) Chefs and seafood retailers are wading into one of the hottest natural resource issues of the day: fisheries management.\", \"Type\": \"Newswire\"}"}, "model": "crowdsourcing.task", "pk": 21}, {"fields": {"status": 1, "last_updated": "2015-08-25T07:32:33.222Z", "deleted": false, "price": 0.0, "module": 1, "created_timestamp": "2015-08-25T07:32:33.222Z", "data": "{\"ShortenedText1\": \"Sheikh Mohamed, announced at the inauguration ceremony that \\\" we want to make Dubai a new trading center. \\\"\", \"ShortenedText3\": \"The Defense Minister of the United Arab Emirates, Sheikh Mohamed, announced, \\\" we want to make Dubai a new trading center.\\\"\", \"ShortenedText2\": \"Sheikh Mohamed announced at the inauguration ceremony that \\\"we want to make Dubai a new trading center.\\\"\", \"ShortenedText5\": \"Sheikh Mohamed, the Defense Minister of the United Arab Emirates, announced that \\\"we want to make Dubai a new trading center.\\\"\", \"ShortenedText4\": \"Sheikh Mohammed bin Rashid, Vice President and Ruler of Dubai, met Poland's president-elect Andrzej Duda on Tuesday.\", \"InputText\": \"Sheikh Mohamed, who is also the Defense Minister of the United Arab Emirates, announced at the inauguration ceremony that \\\" we want to make Dubai a new trading center. \\\"\", \"Type\": \"Newswire\"}"}, "model": "crowdsourcing.task", "pk": 22}, {"fields": {"status": 1, "last_updated": "2015-08-25T07:32:33.230Z", "deleted": false, "price": 0.0, "module": 1, "created_timestamp": "2015-08-25T07:32:33.230Z", "data": "{\"ShortenedText1\": \"Upjohn Co. said it will offer an early retirement package to as many as 1,100 employees.\", \"ShortenedText3\": \"Up to 1,100 employees will be offered an early retirement package to cut costs.\", \"ShortenedText2\": \"Upjohn Co. will offer an early retirement package to some employees to cut costs for the 4th quarter charge. \", \"ShortenedText5\": \"Upjohn Co. will offer early retirement packages for up to 1,100 employees for a 4th-quarter charge.\", \"ShortenedText4\": \"Upjohn Co. offers early retirement package to as many as 1,100 employees to result in fourth-quarter change.\", \"InputText\": \"Upjohn Co. said it will offer an early retirement package to as many as 1,100 employees in a cost-cutting move expected to result in a fourth-quarter charge.\", \"Type\": \"Newswire\"}"}, "model": "crowdsourcing.task", "pk": 23}, {"fields": {"status": 1, "last_updated": "2015-08-25T07:32:33.236Z", "deleted": false, "price": 0.0, "module": 1, "created_timestamp": "2015-08-25T07:32:33.236Z", "data": "{\"ShortenedText1\": \"Tony Lama Co. said that Equus Investment II has proposed changing the offer for the company to $13.65 in stock.\", \"ShortenedText3\": \"Equus Investment has changed their offer for the company to $13.65 in an all-cash transaction\", \"ShortenedText2\": \"TONY LAMA COMPANY. The Tony Lama Company began operation in 1912 as a small shoe-repair shop on East Overland Street in El Paso.\", \"ShortenedText5\": \"Equus Investment II Limited Partnership proposed to change the offer for the Tony Lama Co. to $13.65 in cash and stock.\", \"ShortenedText4\": \"tony lama co. claimes equus investment has proposed offering $13.65 in cash and stock for the company.\", \"InputText\": \"Tony Lama Co. said that Equus Investment II Limited Partnership has proposed changing the offer for the company to $13.65 in cash and stock from an all - cash transaction.\", \"Type\": \"Newswire\"}"}, "model": "crowdsourcing.task", "pk": 24}, {"fields": {"status": 1, "last_updated": "2015-08-25T07:32:33.242Z", "deleted": false, "price": 0.0, "module": 1, "created_timestamp": "2015-08-25T07:32:33.242Z", "data": "{\"ShortenedText1\": \"The Ethics Committee received a vast amount of information from federal investigators, some of it under a court order issued in March.\", \"ShortenedText3\": \"Lawyers for Senator Robert Menendez have urged officials to forgo against Mr. Menendez, according to officials and others close to the investigation\", \"ShortenedText2\": \"Under a court issue, the Ethics Committee received information from federal investigators.\", \"ShortenedText5\": \"The Ethics Committee received a vast amount of information from federal investigators, some under a court order issues in March.\", \"ShortenedText4\": \"Government officials questioned reveal that the Ethics Committee received information from federal investigators, some under a March court order.\", \"InputText\": \"According to two government officials involved in the inquiry, the Ethics Committee received a vast amount of information from federal investigators, some of it under a court order issued in March.\", \"Type\": \"Newswire\"}"}, "model": "crowdsourcing.task", "pk": 25}, {"fields": {"status": 1, "last_updated": "2015-08-25T07:32:33.247Z", "deleted": false, "price": 0.0, "module": 1, "created_timestamp": "2015-08-25T07:32:33.247Z", "data": "{\"ShortenedText1\": \"Fenton said  \\\"a long historic journey, with a very satisfying ending.\\\"\", \"ShortenedText3\": \"fenton states that the double eagle double eagle was on a satisfying journey.\", \"ShortenedText2\": \"The double eagle was on \\\"a long historic journey, with a very satisfying ending.\\\"\", \"ShortenedText5\": \"Mr. Fenton commented that the double eagle had been on ''a long\", \"ShortenedText4\": \"Fenton said the double eagle's been on a \\\"long journey with a satisfying ending.\\\"\", \"InputText\": \"Fenton commented that the double eagle had been on \\\" a long historic journey, with a very satisfying ending. \\\"\", \"Type\": \"Newswire\"}"}, "model": "crowdsourcing.task", "pk": 26}, {"fields": {"status": 1, "last_updated": "2015-08-25T07:32:33.253Z", "deleted": false, "price": 0.0, "module": 1, "created_timestamp": "2015-08-25T07:32:33.253Z", "data": "{\"ShortenedText1\": \"Reuters Holdings PLC said Michael Reupke resigned as GM to pursue unspecified interests.\", \"ShortenedText3\": \"Reuters Holdings PLC said Michael Reupke resigned as general manager to pursue unspecified interests.\", \"ShortenedText2\": \"Michael Reupke resigned as GM to pursue other interests, an \\\"amicable separation.\\\"\", \"ShortenedText5\": \"Michael Reupke resigned as general manager pursuing certain interests, Reuters Holdings PLC said was \\\"amicable separation.\\\"\", \"ShortenedText4\": \"R.H. PLC said Michael Reupke resigned as general manager to pursue other interests. \", \"InputText\": \"Reuters Holdings PLC said Michael Reupke resigned as general manager to pursue unspecified interests, a move the news organization termed an \\\" amicable separation. \\\"\", \"Type\": \"Newswire\"}"}, "model": "crowdsourcing.task", "pk": 27}, {"fields": {"status": 1, "last_updated": "2015-08-25T07:32:33.260Z", "deleted": false, "price": 0.0, "module": 1, "created_timestamp": "2015-08-25T07:32:33.260Z", "data": "{\"ShortenedText1\": \"The new plant is part of IBM's push to gain a strong lead in chip making beyond the personal computer business.\", \"ShortenedText3\": \"The new plant is part of IBM's push to gain a strong lead in chip-making where Intel and Asian producers hold the advantage.\", \"ShortenedText2\": \"Where Intel and East Asian chip producers reign supreme, the new plant is IBM's push to gain a lead in chip-making\", \"ShortenedText5\": \"Intel and East Asian chip producers hold the advantage in chip-making and IBM wants to gain a strong lead with a new plant.\", \"ShortenedText4\": \"IBM's new plant is part of their push to become a leader in chip making beyond personal computers, where others hold the advantage.\", \"InputText\": \"The new plant is part of IBM's push to gain a strong lead in chip - making beyond the personal computer business, where Intel and East Asian chip producers hold the advantage.\", \"Type\": \"Newswire\"}"}, "model": "crowdsourcing.task", "pk": 28}, {"fields": {"status": 1, "last_updated": "2015-08-25T07:32:33.266Z", "deleted": false, "price": 0.0, "module": 1, "created_timestamp": "2015-08-25T07:32:33.266Z", "data": "{\"ShortenedText1\": \"The committee's action comes 6 months after prosecutors ended a lengthy criminal investigation into Torricelli's activities.\", \"ShortenedText3\": \"The committee's action comes after federal prosecutors completed an investigation, opting not to charge Torricelli.\", \"ShortenedText2\": \"Actions taken by the committee come six months after a six month long criminal investigation to Torricelli's activities.\", \"ShortenedText5\": \"The committee's action comes six months after federal prosecutors ended an investigation into Torricelli's activities.\", \"ShortenedText4\": \"At all events some of them have come under your observation because you may have a reasonable action against.\", \"InputText\": \"The committee's action comes six months after federal prosecutors ended a lengthy criminal investigation into Torricelli's activities without filing criminal charges.\", \"Type\": \"Newswire\"}"}, "model": "crowdsourcing.task", "pk": 29}, {"fields": {"status": 1, "last_updated": "2015-08-25T07:32:33.270Z", "deleted": false, "price": 0.0, "module": 1, "created_timestamp": "2015-08-25T07:32:33.270Z", "data": "{\"ShortenedText1\": \"After Vanderbilt opens with Georgia Tech, the Commodores will play host to Furman, which is Johnson's former team.\", \"ShortenedText3\": \"After Vanderbilt opens with Georgia Tech, the Commodores play Furman, Johnson's former team and a Division I-AA powerhouse.\", \"ShortenedText2\": \"After Vandervilt vs. Georgia Tech, the Commodores will play Furman, Johnson's former team.\", \"ShortenedText5\": \"After Vanderbilt opens with Georgia Tech, the Commodores will host Furman, Johnson's former Division I-AA team. \", \"ShortenedText4\": \"Date with destiny: The Commodores will play host to Furman, which is Johnson's former team.\", \"InputText\": \"Date with destiny: After Vanderbilt opens with Georgia Tech, the Commodores will play host to Furman, which is Johnson's former team and a Division I-AA powerhouse.\", \"Type\": \"Newswire\"}"}, "model": "crowdsourcing.task", "pk": 30}, {"fields": {"status": 1, "last_updated": "2015-08-25T07:32:33.277Z", "deleted": false, "price": 0.0, "module": 1, "created_timestamp": "2015-08-25T07:32:33.277Z", "data": "{\"ShortenedText1\": \"Japan surrendered within days of the detonation of the atomic bombs.\", \"ShortenedText3\": \"Japan surrendered with days of the detonation of the atomic bombs that killed 140,000 in Hiroshima and 70,000 in Nagasaki.\", \"ShortenedText2\": \"After the bombings of Hiroshima and Nagasaki, Japan surrendered within days.\", \"ShortenedText5\": \"At noon that day, Emperor Hirohito went on national radio for the first time to announce the Japanese surrender\", \"ShortenedText4\": \"Japan surrendered within days after the atomic bombs killed over 210,000 in Hiroshima and Nagasaki.  \", \"InputText\": \"Japan surrendered within days of the detonation of the atomic bombs that killed 140,000 people in Hiroshima on Aug. 6, 1945, and 70,000 in Nagasaki three days later.\", \"Type\": \"Newswire\"}"}, "model": "crowdsourcing.task", "pk": 31}, {"fields": {"status": 1, "last_updated": "2015-08-25T07:32:33.284Z", "deleted": false, "price": 0.0, "module": 1, "created_timestamp": "2015-08-25T07:32:33.284Z", "data": "{\"ShortenedText1\": \"Following the suggestion of President Theodore Roosevelt, the sculptor Augustus Saint- Gaudens redesigned the coin in 1907 in high relief.\", \"ShortenedText3\": \"As per suggestion of President Roosevelt, sculptor Augustus Saint-Gaudens redesigned the coin in 1907, henceforth designating the coins \\\"saints.\\\"\", \"ShortenedText2\": \"Augustus Saint-Gaudens redesigned the coin in 1907 per the suggestion of Theodore Roosevelt.\", \"ShortenedText5\": \"In-depth essays created by the University of Virginia on Theodore Roosevelt:main competitors was gone, making TR's nomination a foregone conclusion.\", \"ShortenedText4\": \"At President Theodore Roosevelt's suggestion, sculptor  Saint- Gaudens redesigned the coin in 1907 in high relief. They are known as \\\"saints.\\\"\", \"InputText\": \"Following the suggestion of President Theodore Roosevelt, the sculptor Augustus Saint- Gaudens redesigned the coin in 1907 in high relief, forever after giving the coins the designation \\\" saints. \\\"\", \"Type\": \"Newswire\"}"}, "model": "crowdsourcing.task", "pk": 32}, {"fields": {"status": 1, "last_updated": "2015-08-25T07:32:33.288Z", "deleted": false, "price": 0.0, "module": 1, "created_timestamp": "2015-08-25T07:32:33.288Z", "data": "{\"ShortenedText1\": \"A.L. Williams Corp. was merged into Primerica Corp after a meeting of Williams shareholders cleared the transaction.\", \"ShortenedText3\": \"A.L. Williams Corp. merged with Primerica Corp., New York, after a meeting of shareholders cleared the transaction.\", \"ShortenedText2\": \"A.L. Williams was merged into Primerica Corp. after a meeting of shareholders cleared the transaction.\", \"ShortenedText5\": \"A.L. Williams Corp. merged into Primerica Corp., after a meeting of Williams shareholders cleared the transaction.\", \"ShortenedText4\": \"A.L. Williams Corp. was merged into Primerica Corp., New York, after Williams shareholders cleared the transaction.\", \"InputText\": \"A.L. Williams Corp. was merged into Primerica Corp., New York, after a special meeting of Williams shareholders cleared the transaction, the companies said.\", \"Type\": \"Newswire\"}"}, "model": "crowdsourcing.task", "pk": 33}, {"fields": {"status": 1, "last_updated": "2015-08-25T07:32:33.295Z", "deleted": false, "price": 0.0, "module": 1, "created_timestamp": "2015-08-25T07:32:33.295Z", "data": "{\"ShortenedText1\": \"Customers holding contracts for Waertsilae Marine's undelivered ships are expected to subscribe most of the remaining in share capital.\", \"ShortenedText3\": \"Those holding contracts for Waertsilae Marine's undelivered ships will subscribe most of the remaining markkka in share capital. \", \"ShortenedText2\": \"Those holding contracts for Waertsilae Marine's undelivered ships are expected to subscribe the remaining 170 million markkaa.\", \"ShortenedText5\": \"Officials said customers of Waertsilae Marine's undelivered ships are expected to subscribe the remaining 170 million markaa in capital.\", \"ShortenedText4\": \"Customers of Waertsilae Marine's with undelivered ships are expected to subscribe the remaining 170 million markkaa in share capital.\", \"InputText\": \"Customers holding contracts for Waertsilae Marine's undelivered ships are expected to subscribe most of the remaining 170 million markkaa in share capital, government officials said.\", \"Type\": \"Newswire\"}"}, "model": "crowdsourcing.task", "pk": 34}, {"fields": {"status": 1, "last_updated": "2015-08-25T07:32:33.302Z", "deleted": false, "price": 0.0, "module": 1, "created_timestamp": "2015-08-25T07:32:33.302Z", "data": "{\"ShortenedText1\": \"Senator Torricelli provided the committee with a full explanation of sources of income.\", \"ShortenedText3\": \"Senator Torricelli provided a full explanation of income sources and funds used.\", \"ShortenedText2\": \"The senator provided them with an explanation of sources of any income used for cash purposes.\", \"ShortenedText5\": \"Senator Torricelli gave the committee an explanation of income and funds used for cash purposes.\", \"ShortenedText4\": \"The former senator from New Jersey, who left politics amid a scandal\", \"InputText\": \" Senator Torricelli provided the committee with a full explanation of sources of income and any funds used for cash purposes,  she said.\", \"Type\": \"Newswire\"}"}, "model": "crowdsourcing.task", "pk": 35}, {"fields": {"status": 1, "last_updated": "2015-08-25T07:32:33.308Z", "deleted": false, "price": 0.0, "module": 1, "created_timestamp": "2015-08-25T07:32:33.308Z", "data": "{\"ShortenedText1\": \"But a senior State Department official also acknowledged that some are pushing for more direct military cooperation.\", \"ShortenedText3\": \"An official acknowledged that for more military cooperation, congressional approval would be necessary.\", \"ShortenedText2\": \"But a State Department official acknowledged some are pushing for more direct military cooperation, which would require congressional approval.\", \"ShortenedText5\": \" Department official acknowledged administration and congress people,pushing for direct military cooperation, requires congressional approval.\", \"ShortenedText4\": \"A State Department official acknowledged that the administration and Congress are pushing for more direct military cooperation. \", \"InputText\": \"But a senior State Department official also acknowledged that some in the administration and Congress are pushing for more direct military cooperation, which would require congressional approval.\", \"Type\": \"Newswire\"}"}, "model": "crowdsourcing.task", "pk": 36}, {"fields": {"status": 1, "last_updated": "2015-08-25T07:32:33.316Z", "deleted": false, "price": 0.0, "module": 1, "created_timestamp": "2015-08-25T07:32:33.316Z", "data": "{\"ShortenedText1\": \"Companies engaged in e-commerce would be able to set up offices, employ staff and own equipment in the open zone.\", \"ShortenedText3\": \"E-commerce foreign companies are able to set up offices, employ staff and own equipment in this open zone.\", \"ShortenedText2\": \"Companies in e-commerce will be able to set up offices, employ staff, and own equipment in the open zone.\", \"ShortenedText5\": \"Companies involved in e-commerce can set up offices, employ staff and own equipment in the open zone, he said.\", \"ShortenedText4\": \"Companies engaged in e-commece could set up offices,employ staff,own equipment including foreign companies\", \"InputText\": \"He said companies engaged in e-commerce would be able to set up offices, employ staff and own equipment in the open zone, including fully-owned foreign companies.\", \"Type\": \"Newswire\"}"}, "model": "crowdsourcing.task", "pk": 37}, {"fields": {"status": 1, "last_updated": "2015-08-25T07:32:33.320Z", "deleted": false, "price": 0.0, "module": 1, "created_timestamp": "2015-08-25T07:32:33.320Z", "data": "{\"ShortenedText1\": \"Powell is among the representatives that are taking part in the annual meeting of the group's regional forum.\", \"ShortenedText3\": \"Powell is among the representatives from 13 nations outside Southeast Asia taking part in the group's yearly, regional forum.\", \"ShortenedText2\": \"Powell is among the representatives from 13 nations taking part in the annual meeting of the regional forum.\", \"ShortenedText5\": \"Powell is just one of the representatives from 13 nations outside of Southeast Asia taking part in the meeting of the regional forum.\", \"ShortenedText4\": \"Powell is among representatives from 13 nations that are taking part in the annual meeting of the group's regional forum. \", \"InputText\": \"Powell is among the representatives from 13 nations outside Southeast Asia, including China, Japan and Russia, that are taking part in the annual meeting of the group's regional forum.\", \"Type\": \"Newswire\"}"}, "model": "crowdsourcing.task", "pk": 38}, {"fields": {"status": 1, "last_updated": "2015-08-25T07:32:33.329Z", "deleted": false, "price": 0.0, "module": 1, "created_timestamp": "2015-08-25T07:32:33.328Z", "data": "{\"ShortenedText1\": \"Microsoft plans a partnership with AT&T Wireless that will offer software for wireless devices and services. \", \"ShortenedText3\": \"A partnership between Microsoft and AT&T to include software for wireless devices and services.\", \"ShortenedText2\": \"Microsoft plans to announce a partnership with AT&T to offer software for wireless devices and services.\", \"ShortenedText5\": \"Microsoft will announce on Wednesday a partnership with AT&T Wireless Services to offer software for wireless devices and services.\", \"ShortenedText4\": \"Microsoft plans to announce on Wednesday a partnership with AT&T Wireless Services, a person close to the talks said on Tuesday night.\", \"InputText\": \"Microsoft plans to announce on Wednesday a partnership with AT&T Wireless Services to offer software for wireless devices and services, a person close to the talks said Tuesday night.\", \"Type\": \"Newswire\"}"}, "model": "crowdsourcing.task", "pk": 39}, {"fields": {"status": 1, "last_updated": "2015-08-25T07:32:33.334Z", "deleted": false, "price": 0.0, "module": 1, "created_timestamp": "2015-08-25T07:32:33.334Z", "data": "{\"ShortenedText1\": \"Karnes only knew that the 509th was preparing for a special bombing mission.\", \"ShortenedText3\": \"Karnes had no idea what kind of bombs were involved when preparing for 509th mission.\", \"ShortenedText2\": \"Karnes knew the 509th was preparing for a special bombing mission.\", \"ShortenedText5\": \"Karnes was preparing for a special bombing mission, but didn't know what kind of bombs.\", \"ShortenedText4\": \"The 509th was preparing for a special mission but Karnes didn't know the type of bombs.\", \"InputText\": \"Karnes knew the 509th was preparing for a special bombing mission, but he had no idea what kind of bombs were involved.\", \"Type\": \"Newswire\"}"}, "model": "crowdsourcing.task", "pk": 40}, {"fields": {"status": 1, "last_updated": "2015-08-25T07:32:33.338Z", "deleted": false, "price": 0.0, "module": 1, "created_timestamp": "2015-08-25T07:32:33.338Z", "data": "{\"ShortenedText1\": \"Theodore Cooper called the program part of the company's tactic to enact budget limits and \\\"a headcount-control program.\\\"\", \"ShortenedText3\": \"Theodore Cooper called the program \\\"an effective headcount-control program.\\\"\", \"ShortenedText2\": \"Theodore Cooper called the program part of the company's two-year strategy to implement budget constraints.\", \"ShortenedText5\": \"Chairman Theodore Cooper called the program 'an effective headcount-control program\\\"\", \"ShortenedText4\": \"The company will implement a budget constraint and an effective headcount-control program, said Theodore Cooper.\", \"InputText\": \"Chairman Theodore Cooper called the program part of the company's two-year strategy to implement budget constraints and \\\" an effective headcount-control program. \\\"\", \"Type\": \"Newswire\"}"}, "model": "crowdsourcing.task", "pk": 41}, {"fields": {"status": 1, "last_updated": "2015-08-25T07:32:33.345Z", "deleted": false, "price": 0.0, "module": 1, "created_timestamp": "2015-08-25T07:32:33.345Z", "data": "{\"ShortenedText1\": \"VFS&LA took a quarter loss of $70.7 million or $12.09 a share, an $89.9 million charge.\", \"ShortenedText3\": \"Valley Federal Savings & Loan Association took an 89.9 mill. charge, a quarter loss of 70.7 mill.\", \"ShortenedText2\": \"Valley Federal Savings & Loan Association reported a third quarter loss of $70.7 million, or $12.09 a share.\", \"ShortenedText5\": \"Valley Federal Savings & Loan Association was charged ~$90 million after report of third quarter loss.\", \"ShortenedText4\": \"Valley Federal Savings and Loan association reported a 3rf quarter loss of $70.7 million.\", \"InputText\": \"Valley Federal Savings & Loan Association took an $89.9 million charge as it reported a third - quarter loss of $70.7 million, or $12.09 a share.\", \"Type\": \"Newswire\"}"}, "model": "crowdsourcing.task", "pk": 42}, {"fields": {"status": 1, "last_updated": "2015-08-25T07:32:33.352Z", "deleted": false, "price": 0.0, "module": 1, "created_timestamp": "2015-08-25T07:32:33.352Z", "data": "{\"ShortenedText1\": \"Insurance has been tough in recent quarters as competition is high and natural disasters have resulted in huge payments.\", \"ShortenedText3\": \"Due to recent natural disasters, property/casualty insurance has been paying out huge in recent quarters.\", \"ShortenedText2\": \"Property/casualty insurance has been a tough business in recent quarters, as natural disasters have resulted in huge payments.\", \"ShortenedText5\": \"The recent natural disasters has made it difficult for property/casualty insurance companies.\", \"ShortenedText4\": \"Property/casualty insurance has been a tough business recently with pricing, with what the hurricanes and earthquakes.\", \"InputText\": \"Property / casualty insurance has been a tough business in recent quarters, as pricing has been cutthroat and natural disasters such as Hurricane Hugo and the California earthquake have resulted in huge payments.\", \"Type\": \"Newswire\"}"}, "model": "crowdsourcing.task", "pk": 43}, {"fields": {"status": 1, "last_updated": "2015-08-25T07:32:33.357Z", "deleted": false, "price": 0.0, "module": 1, "created_timestamp": "2015-08-25T07:32:33.357Z", "data": "{\"ShortenedText1\": \"Boycotts often affect the innocent locals more than the intended.\", \"ShortenedText3\": \"Lassen said that during boycotts coastal cities are the ones to make sacrifices.\", \"ShortenedText2\": \" it's not environmentalists or chefs making the sacrifice, it's coastal communities. \", \"ShortenedText5\": \"During boycott, \\\"its not environmentalists or chefs making sacrfices\\\" said Lassen.\", \"ShortenedText4\": \"According to Lassen, mainly coastal communities suffer due to boycotts\", \"InputText\": \"When there's a boycott, Lassen said, \\\" it's not environmentalists or chefs making the sacrifice, it's coastal communities. \\\"\", \"Type\": \"Newswire\"}"}, "model": "crowdsourcing.task", "pk": 44}, {"fields": {"status": 1, "last_updated": "2015-08-25T07:32:33.367Z", "deleted": false, "price": 0.0, "module": 1, "created_timestamp": "2015-08-25T07:32:33.367Z", "data": "{\"ShortenedText1\": \"activist with an agenda are manipulating chefs n reatilers,say rod moore of west coast seafood processors ass\", \"ShortenedText3\": \"Rod Moore suggests that activists with an agenda are manipulating chefs and retailers.\", \"ShortenedText2\": \"Rod Moore, of West Coast Seafood Processors Association, suggests activists are manipulating chefs and retailers.\", \"ShortenedText5\": \"Executive director Rob Moore believes that activist with an agenda manipulate chefs and retailers.\", \"ShortenedText4\": \"Rod Moore suggests that activists with an agenda are manipulating chefs and retailers.\", \"InputText\": \"Rod Moore, executive director of the West Coast Seafood Processors Association, suggests that activists with an agenda are manipulating chefs and retailers.\", \"Type\": \"Newswire\"}"}, "model": "crowdsourcing.task", "pk": 45}, {"fields": {"status": 1, "last_updated": "2015-08-25T07:32:33.371Z", "deleted": false, "price": 0.0, "module": 1, "created_timestamp": "2015-08-25T07:32:33.371Z", "data": "{\"ShortenedText1\": \"our motivation, Lorenzo diamond TE says, is seeing crimsons loss against alabama\", \"ShortenedText3\": \"We see that crimson every day, Lorenzo Diamond said \\\"and that's a big motivational factor for us.\\\"\", \"ShortenedText2\": \"A big motivational factor for us is seeing that crimson from the Alabama loss everyday, said Diamond\", \"ShortenedText5\": \"We see that crimson every day and that's a big motivational factor for us, said Lorenzo Diamond.\", \"ShortenedText4\": \"We see that crimson every day, Lorenzo Diamond said, \\\" and that's a big motivational factor for us.\", \"InputText\": \" We see that crimson ( from the Alabama loss ) every day,  tight end Lorenzo Diamond said, \\\" and that's a big motivational factor for us.\", \"Type\": \"Newswire\"}"}, "model": "crowdsourcing.task", "pk": 46}, {"fields": {"status": 1, "last_updated": "2015-08-25T07:32:33.382Z", "deleted": false, "price": 0.0, "module": 1, "created_timestamp": "2015-08-25T07:32:33.382Z", "data": "{\"ShortenedText1\": \"Xerox Corp. has told Crum & Forster employees that 300 people will be laid off. \", \"ShortenedText3\": \"Xerox Corp. has told employees that it is laying off about 25 % of the staff.\", \"ShortenedText2\": \"About 300 people will be layed off from Xerox Corp. in its Crum & Forster personal insurance operations.\", \"ShortenedText5\": \"Xerox will lay off 300 employees from the Crum & Foster personal insurance operations.\", \"ShortenedText4\": \"Xerox Corp. has told employees in its insurance operations that it is laying off about 25 % of the staff.\", \"InputText\": \"Xerox Corp. has told employees in its Crum & Forster personal insurance operations that it is laying off about 300 people, or 25 % of the staff.\", \"Type\": \"Newswire\"}"}, "model": "crowdsourcing.task", "pk": 47}, {"fields": {"status": 1, "last_updated": "2015-08-25T07:32:33.387Z", "deleted": false, "price": 0.0, "module": 1, "created_timestamp": "2015-08-25T07:32:33.387Z", "data": "{\"ShortenedText1\": \"Hall said he wanted to investigate reports that a quarter of Iraqi children are suffering from chronic malnutrition.\", \"ShortenedText3\": \"Hall said he wanted to investigate reports that a quarter of Iraqi children may be suffering from chronic malnutrition.\", \"ShortenedText2\": \"During his four days in Iraq, Hall said he wanted to investigate reports of chronic malnutrition in Iraqi children.\", \"ShortenedText5\": \"During his stay in Iraq, Hall wanted to investigate reports of Iraqi children possibly suffering from chronic malnutrition.\", \"ShortenedText4\": \"During his four days in Iraq, Hall said he wanted to investigate reports that Iraqi children may be suffering from malnutrition.\", \"InputText\": \"During his four days in Iraq, Hall said he wanted to investigate reports from relief agencies that a quarter of Iraqi children may be suffering from chronic malnutrition.\", \"Type\": \"Newswire\"}"}, "model": "crowdsourcing.task", "pk": 48}, {"fields": {"status": 1, "last_updated": "2015-08-25T07:32:33.393Z", "deleted": false, "price": 0.0, "module": 1, "created_timestamp": "2015-08-25T07:32:33.393Z", "data": "{\"ShortenedText1\": \"Iraq has struggled to recover from the bombing campaign due to the economic sanctions.\", \"ShortenedText3\": \"Iraq has been under economic sanctions since the war ended, which some say have thwarted the country's ability to recover.\", \"ShortenedText2\": \"Iraq is having trouble recovering from the bombing campaigns,that has put them in economic sanctions\", \"ShortenedText5\": \"Iraq, under economic sanctions since wars end,possibly thwarting the countries ability to recover from bombing\", \"ShortenedText4\": \"nnnnnnnnnnnnnnnnnnnnnnnnnnnnnnnnnnnnnnnnnnnnnnnnnnnnnnnnnnnnnnnnnnnnnnnnnnnnnnnnnnnnnnnnnnnnnnnnnnnnnnnnnnnnnnnnnnn\", \"InputText\": \"Iraq has been under economic sanctions since the war ended, which some say have thwarted the country's ability to recover from the devastation of the bombing campaign.\", \"Type\": \"Newswire\"}"}, "model": "crowdsourcing.task", "pk": 49}, {"fields": {"status": 1, "last_updated": "2015-08-25T07:32:33.398Z", "deleted": false, "price": 0.0, "module": 1, "created_timestamp": "2015-08-25T07:32:33.398Z", "data": "{\"ShortenedText1\": \"Critics disagree saying that trained professionals have at least 6 years of training. \", \"ShortenedText3\": \"Critics say that is not nearly enough compared with other prescribers, such as M.D. psychiatrists or nurse practitioners.\", \"ShortenedText2\": \"Critics say that is not enough compared with M.D. psychiatrists or NPs who have at least six year's education and experience.\", \"ShortenedText5\": \"Critics say it is not nearly enough compared with other prescribers who have at least six years medical education and clinical experience.\", \"ShortenedText4\": \"Critics say it is not enough when compared to M.D. psychiatrists or nurse practitioners who have at least six years experience.\", \"InputText\": \"Critics say that is not nearly enough compared with other prescribers, such as M.D. psychiatrists or nurse practitioners who have at least six years ' medical education and clinical experience.\", \"Type\": \"Newswire\"}"}, "model": "crowdsourcing.task", "pk": 50}, {"fields": {"status": 1, "last_updated": "2015-08-25T07:32:33.405Z", "deleted": false, "price": 0.0, "module": 1, "created_timestamp": "2015-08-25T07:32:33.405Z", "data": "{\"ShortenedText1\": \"They are executive chef, Laurent Gras, and his Masa's counterparts; Ron Seigel and Keith Jeanminette. \", \"ShortenedText3\": \"They are the host restaurant's executive chef, his counterpart at Masa's, and Masa pastry chef \", \"ShortenedText2\": \"They are the restaurant's chef, Laurent Gras; his counterparts, Ron Siegel, and Keith Jeanminette.\", \"ShortenedText5\": \"This is Masa's executive chef, Laurent Gras, his partner Ron Siegel and pastry chef Keith Jeanminette.\", \"ShortenedText4\": \"nnnnnnnnnnnnnnnnnnnnnnnnnnnnnnnnnnnnnnnnnnnnnnnnnnnnnnnnnnnnnnnnnnnnnnnnnnnnnnnn\", \"InputText\": \"They are the host restaurant's executive chef, Laurent Gras; his counterpart at Masa's, Ron Siegel, and Masa pastry chef Keith Jeanminette.\", \"Type\": \"Newswire\"}"}, "model": "crowdsourcing.task", "pk": 51}, {"fields": {"status": 1, "last_updated": "2015-08-25T07:32:33.414Z", "deleted": false, "price": 0.0, "module": 1, "created_timestamp": "2015-08-25T07:32:33.414Z", "data": "{\"ShortenedText1\": \"A decline in earnings for Ralston Purina Co. reflect restructuring costs and a more difficult pet food market.\", \"ShortenedText3\": \"Ralsont Purina Co. reported a 47% decline in 4th quarter earnings.\", \"ShortenedText2\": \"Ralston Purina Co. declined 47% in the fourth-quarter, due to restructuring and a difficult pet food market. \", \"ShortenedText5\": \"Ralston Purina Co. reported a 47% decline in fourth-quarter earnings.\", \"ShortenedText4\": \"Ralston Purina reported a 47% decline in fourth quarter earnings due to restructuring and difficult market.\", \"InputText\": \"Ralston Purina Co. reported a 47 % decline in fourth-quarter earnings, reflecting restructuring costs as well as a more difficult pet food market.\", \"Type\": \"Newswire\"}"}, "model": "crowdsourcing.task", "pk": 52}, {"fields": {"status": 1, "last_updated": "2015-08-25T07:32:33.418Z", "deleted": false, "price": 0.0, "module": 1, "created_timestamp": "2015-08-25T07:32:33.418Z", "data": "{\"ShortenedText1\": \"More than 50% of Weisfield's shareholders have accepted the offer, due for completion Dec. 10.\", \"ShortenedText3\": \"The offer was accepted by more than 50% of Weisfield's shareholders, and will be done Dec. 10.  \", \"ShortenedText2\": \"The sweetened offer has acceptances from more than 50 % of Weisfield's shareholders.\", \"ShortenedText5\": \"Scheduled for completion on Dec. 10, Weisfield's shareholders have a 50% acceptance.\", \"ShortenedText4\": \"This offer has been accepted by over 50% of Weisfield's shareholders, set to complete by Dec. 10.\", \"InputText\": \"The sweetened offer has acceptances from more than 50 % of Weisfield's shareholders, and it is scheduled for completion by Dec. 10.\", \"Type\": \"Newswire\"}"}, "model": "crowdsourcing.task", "pk": 53}, {"fields": {"status": 1, "last_updated": "2015-08-25T07:32:33.423Z", "deleted": false, "price": 0.0, "module": 1, "created_timestamp": "2015-08-25T07:32:33.423Z", "data": "{\"ShortenedText1\": \"At SEC Kickoff 2002, Johnson said he is most often asked \\\"Do you know you look like Steve Martin?\\\"\", \"ShortenedText3\": \" The most asked question is, `Do you know you look like Steve Martin?'  \", \"ShortenedText2\": \"Johnson said that people like to ask him if he knows he looks like Steve Martin.\", \"ShortenedText5\": \"Johnson told writers at the SEC Kickoff his top question, \\\"Do you know you look like Steve Martin?\\\"\", \"ShortenedText4\": \"'Do you know you look like Steve Martin?' is the most asked question, Said Johnson at SEC Kickoff.\", \"InputText\": \" The most - asked question is, ` Do you know you look like Steve Martin? '  Johnson said to the assembled writers at SEC Kickoff 2002.\", \"Type\": \"Newswire\"}"}, "model": "crowdsourcing.task", "pk": 54}, {"fields": {"status": 1, "last_updated": "2015-08-25T07:32:33.432Z", "deleted": false, "price": 0.0, "module": 1, "created_timestamp": "2015-08-25T07:32:33.431Z", "data": "{\"ShortenedText1\": \"Mr. Stronach will direct an effort to reduce overhead and curb capital spending.\", \"ShortenedText3\": \"Mr. Stronach will reduce overhead and curb spending \\\" until a more satisfactory level of profit is achieved and maintained,\\\"\", \"ShortenedText2\": \"Mr. Stronach will direct spending cuts and reduce overhead until a higher profit level is achieved.\", \"ShortenedText5\": \"Mr. Stronach will direct an effort to reduce overhead and curb capital spending, Magna said.\", \"ShortenedText4\": \"Stronach will be reducing overhead and capital spending to achieve a more satisfactory level of profit. \", \"InputText\": \"Mr. Stronach will direct an effort to reduce overhead and curb capital spending \\\" until a more satisfactory level of profit is achieved and maintained, \\\" Magna said.\", \"Type\": \"Newswire\"}"}, "model": "crowdsourcing.task", "pk": 55}, {"fields": {"status": 1, "last_updated": "2015-08-25T07:32:33.436Z", "deleted": false, "price": 0.0, "module": 1, "created_timestamp": "2015-08-25T07:32:33.436Z", "data": "{\"ShortenedText1\": \"Dow Jones said that about 24,000 shares have been tendered under its offer.\", \"ShortenedText3\": \"Dow Jones owns 64 million of Telerate's shares, and said that about 24000 of them have been tendered under its offer.\", \"ShortenedText2\": \"nnnnnnnnnnnnnnnnnnnnnnnnnnnnnnnnnnnnnnnnnnnnnnnnnnnnnnnnnnnnnnnnnnnnnnnnnnnnnnnnnnnnnnnnnnnn\", \"ShortenedText5\": \"Dow Jones said that about 24,000 shares have been tendered under its offer.\", \"ShortenedText4\": \"Dow Jones, which owns about 64 million shares of Telerate, reports 24,00 shares have been tendered under its offer.\", \"InputText\": \"Dow Jones, which owns about 64 million of Telerate's 95 million common shares outstanding, said that about 24,000 shares have been tendered under its offer.\", \"Type\": \"Newswire\"}"}, "model": "crowdsourcing.task", "pk": 56}, {"fields": {"status": 1, "last_updated": "2015-08-25T07:32:33.442Z", "deleted": false, "price": 0.0, "module": 1, "created_timestamp": "2015-08-25T07:32:33.442Z", "data": "{\"ShortenedText1\": \"New Mexico legislators in March passed a law allowing psychologists to prescribe psychotropic medications, such as antidepressants.\", \"ShortenedText3\": \"New Mexico legislators passed a law allowing psychologists to prescribe psychotropic medications.\", \"ShortenedText2\": \"Intending to ease access to mental health care, New Mexico legislators passed a law allowing psychologists to prescribe medications.\", \"ShortenedText5\": \"To ease consumer access to mental health care, New Mexico legislators passed a law allowing psychologists to prescribe antidepressants.\", \"ShortenedText4\": \"New Mexico legislators passed a law to allow psychologists to prescribe psychotropic medications.\", \"InputText\": \"Intending to ease consumer access to mental health care, New Mexico legislators in March passed a law allowing psychologists to prescribe psychotropic medications, such as antidepressants.\", \"Type\": \"Newswire\"}"}, "model": "crowdsourcing.task", "pk": 57}, {"fields": {"status": 1, "last_updated": "2015-08-25T07:32:33.447Z", "deleted": false, "price": 0.0, "module": 1, "created_timestamp": "2015-08-25T07:32:33.447Z", "data": "{\"ShortenedText1\": \"nnnnnnnnnnnnnnnnnnnnnnnnnnnnnnnnnnnnnnnnnnnnnnnnnnnnnnnnnnnnnnnnnnnnnnnnn\", \"ShortenedText3\": \"N.V. DSM said net income in the 3rd quarter jumped 63% after lowering charges to account for a restructuring program.\", \"ShortenedText2\": \"N.V. DSM said the net income in the third quarter jumped 63%, after lowering charges to their account. \", \"ShortenedText5\": \"Lower extraordinary charges from restructuring resulted in a third quarter net income jump of 63% for NV. DSM.\", \"ShortenedText4\": \"N.V. DSM said net income jumped 63 % in the third quarter because the company had substantially lower changes.\", \"InputText\": \"N.V. DSM said net income in the third quarter jumped 63 % as the company had substantially lower extraordinary charges to account for a restructuring program.\", \"Type\": \"Newswire\"}"}, "model": "crowdsourcing.task", "pk": 58}, {"fields": {"status": 1, "last_updated": "2015-08-25T07:32:33.454Z", "deleted": false, "price": 0.0, "module": 1, "created_timestamp": "2015-08-25T07:32:33.454Z", "data": "{\"ShortenedText1\": \"The minister stated that he wanted Dubai to become the best in the word for advanced technological companies.\", \"ShortenedText3\": \"The minister further sad that he wanted Dubai to become the best place in the world for the advanced technological companies. \", \"ShortenedText2\": \"nnnnnnnnnnnnnnnnnnnnnnnnnnnnnnnnnnnnnnnnnnnnnnnnnnnnnnnnnnnnnnnnnnnnnnnnnnnnnnnnnnnnnnnnnnnnnn\", \"ShortenedText5\": \"The minister said that he wanted Dubai to become the best place in the world for advanced technological companies.\", \"ShortenedText4\": \"I want Dubai to become the best place in the world for the advanced (hitech) technological companies, Said the minister.\", \"InputText\": \"The minister who has a personal website on the internet, further said that he wanted Dubai to become the best place in the world for the advanced ( hitech ) technological companies.\", \"Type\": \"Newswire\"}"}, "model": "crowdsourcing.task", "pk": 59}, {"fields": {"status": 1, "last_updated": "2015-08-25T07:32:33.463Z", "deleted": false, "price": 0.0, "module": 1, "created_timestamp": "2015-08-25T07:32:33.463Z", "data": "{\"ShortenedText1\": \"The court upheld the sentence of death row inmate, Robert O. Marshall, convicted of arranging the murder of his wife.\", \"ShortenedText3\": \"Robert O. Marshalls sentence has been upheld by the court after being convicted of arranging his wifes murder.\", \"ShortenedText2\": \"The court upheld the death sentence of Robert O. Marshal, convicted of arranging the murder of his wife.\", \"ShortenedText5\": \"Convicted of arranging the murder of his wife, the court upheld the sentence of another death row inmate, Robert O. Marshall.\", \"ShortenedText4\": \"the court upheld the death sentence of Robert O. Marshall, convicted of arranging his wife's murder.\", \"InputText\": \"The court upheld the sentence of another death row inmate, Robert O. Marshall, convicted of arranging the murder of his wife at a picnic area on the Garden State Parkway.\", \"Type\": \"Newswire\"}"}, "model": "crowdsourcing.task", "pk": 60}, {"fields": {"status": 1, "last_updated": "2015-08-25T07:32:33.468Z", "deleted": false, "price": 0.0, "module": 1, "created_timestamp": "2015-08-25T07:32:33.468Z", "data": "{\"ShortenedText1\": \"The preliminary stages of the project are estimated at $200 million.\", \"ShortenedText3\": \"The preliminary stages of this unique project are estimated at $200 million. \", \"ShortenedText2\": \"designer says,one of a kind begining stages of the proect are estimated at $200 million \", \"ShortenedText5\": \"According to it's designers the project is estimated to cost $200 million.\", \"ShortenedText4\": \"The preliminary stages of the project are estimated at $200 million.\", \"InputText\": \"The preliminary stages of the project, the only one of its kind according to its designers, are estimated at $200 million.\", \"Type\": \"Newswire\"}"}, "model": "crowdsourcing.task", "pk": 61}, {"fields": {"status": 1, "last_updated": "2015-08-25T07:32:33.474Z", "deleted": false, "price": 0.0, "module": 1, "created_timestamp": "2015-08-25T07:32:33.474Z", "data": "{\"ShortenedText1\": \"The factory will create things used in our everyday electronics equipment.\", \"ShortenedText3\": \"The factory will produce a range of semiconductors used in everything from large mainframe computers to video game consoles.\", \"ShortenedText2\": \"A variety of semiconductors will be made and used in computers, cellphones, and video-game consoles. \", \"ShortenedText5\": \"The factory will produce specialized semiconductors used in everything from mainframes to personal devices. \", \"ShortenedText4\": \"The factory will produce a wide range of specialized semiconductors with a wide range of uses.\", \"InputText\": \"The factory will produce a wide range of specialized semiconductors used in everything from the largest mainframe computers to cell phones and video - game consoles.\", \"Type\": \"Newswire\"}"}, "model": "crowdsourcing.task", "pk": 62}, {"fields": {"status": 1, "last_updated": "2015-08-25T07:32:33.482Z", "deleted": false, "price": 0.0, "module": 1, "created_timestamp": "2015-08-25T07:32:33.482Z", "data": "{\"ShortenedText1\": \"The minister said he wants Dubai to be the best for state-of-the-art technology companies.\", \"ShortenedText3\": \"the ministers website said he wants Dubai to be the best place in the world for top tech companies\", \"ShortenedText2\": \"I want Dubai to be the best place in the world for state-of-the-art technology, said the minister.\", \"ShortenedText5\": \"The minister said that he wants Dubai to be the best place in the world for technology companies.\", \"ShortenedText4\": \"The minister also stated that he wants Dubai to be the best in the world for top technology companies.\", \"InputText\": \"The minister, who has his own website, also said: \\\" I want Dubai to be the best place in the world for state-of-the-art technology companies. \\\"\", \"Type\": \"Newswire\"}"}, "model": "crowdsourcing.task", "pk": 63}, {"fields": {"status": 1, "last_updated": "2015-08-25T07:32:33.486Z", "deleted": false, "price": 0.0, "module": 1, "created_timestamp": "2015-08-25T07:32:33.486Z", "data": "{\"ShortenedText1\": \"She's fascinating and I enjoy watching her shows with Jacques Pepin.\", \"ShortenedText3\": \"Francis Ford Coppola, \\\"I think she's fascinating and I enjoy watching her shows with Jacques Pepin.\\\"\", \"ShortenedText2\": \"The films director says she is a fascinating woman and he enjoys her shows with Jacques Pepin.\", \"ShortenedText5\": \"She's a fascinating woman and I enjoy very much watching her shows. - Francis Ford Coppola.\", \"ShortenedText4\": \"Francis Ford Coppola said, \\\"I think she's a fascinating woman, and I enjoy watching her shows.\\\"\", \"InputText\": \"Francis Ford Coppola, film director: \\\" I think she's a fascinating woman, and I enjoy very much watching her shows with Jacques Pepin. \\\"\", \"Type\": \"Newswire\"}"}, "model": "crowdsourcing.task", "pk": 64}, {"fields": {"status": 1, "last_updated": "2015-08-25T07:32:33.493Z", "deleted": false, "price": 0.0, "module": 1, "created_timestamp": "2015-08-25T07:32:33.493Z", "data": "{\"ShortenedText1\": \"The committee didn't confirm serious allegations, including Chang's claim he gave Torricelli thousands in cash.\", \"ShortenedText3\": \"The committee did not confirm allegations including Chang's claim that he gave Torricelli large amounts of cash.\", \"ShortenedText2\": \"The committee didn't confirm the more serious allegations, including Chang's claim of giving Torricelli money.\", \"ShortenedText5\": \"The committee did not confirm some of the most serious allegations, including Chang's claim against Torricelli. \", \"ShortenedText4\": \"The most serious allegations, including Chang giving Torricelli tens of thousands of dollars were not confirmed.\", \"InputText\": \"The committee did not confirm some of the most serious allegations, including Chang's claim that he gave Torricelli tens of thousands of dollars in cash.\", \"Type\": \"Newswire\"}"}, "model": "crowdsourcing.task", "pk": 65}, {"fields": {"status": 1, "last_updated": "2015-08-25T07:32:33.499Z", "deleted": false, "price": 0.0, "module": 1, "created_timestamp": "2015-08-25T07:32:33.499Z", "data": "{\"ShortenedText1\": \"Heritage Media Corp. offered to buy the shares of the POP Radio Corp.\", \"ShortenedText3\": \"Heritage Media Corp. offered to buy the shares of POP Radio Corp. it doesn't already own.\", \"ShortenedText2\": \"Heritage Media Corp. said it offered to buy more shares of POP Radio Corp in a stock swap.\", \"ShortenedText5\": \"In a stock swap, Heritage Media Corp. offered to buy shares of POP Radio corp.\", \"ShortenedText4\": \"Heritage Media Corp, New York offered to buy shares of POP Radio Corp it doesn't already own.\", \"InputText\": \"Heritage Media Corp., New York, said it offered to buy the shares of POP Radio Corp. it doesn't already own in a stock swap.\", \"Type\": \"Newswire\"}"}, "model": "crowdsourcing.task", "pk": 66}, {"fields": {"status": 1, "last_updated": "2015-08-25T07:32:33.505Z", "deleted": false, "price": 0.0, "module": 1, "created_timestamp": "2015-08-25T07:32:33.505Z", "data": "{\"ShortenedText1\": \"Bengie is leaving the disabled list, giving the Angels 2 Molina boys on the active major league roster will be a first.\", \"ShortenedText3\": \"Bengie will likely be off the disabled list, giving the Angels both Molina brothers on the roster for the first time.\", \"ShortenedText2\": \"Bengie is expected to be able to play today, giving the Angels both Molina brothers on the active roster.\", \"ShortenedText5\": \"For the first time both Molina brothers will be active on the major league roster for the Angels.\", \"ShortenedText4\": \"Bengie will be activated from the disabled list today, putting both the Molina brothers on the Angels active roster.\", \"InputText\": \"Bengie is expected to be activated from the disabled list today, giving the Angels both Molina brothers on the active major - league roster for the first time.\", \"Type\": \"Newswire\"}"}, "model": "crowdsourcing.task", "pk": 67}, {"fields": {"status": 1, "last_updated": "2015-08-25T07:32:33.514Z", "deleted": false, "price": 0.0, "module": 1, "created_timestamp": "2015-08-25T07:32:33.514Z", "data": "{\"ShortenedText1\": \"He said one way would be to speed up health supplies to the country under a U.N. humanitarian program.\", \"ShortenedText3\": \"One way would be to expedite the health supplies and other commodities under a U.N. humanitarian program.\", \"ShortenedText2\": \"One solution is speed up the flow of needed supplies to the country using U.N. humanitarian program.\", \"ShortenedText5\": \"One way would be to speed up the flow of supplies and commodities to the country under a UN program.\", \"ShortenedText4\": \"To speed up the flow of health supplies to the country under a U.N. humanitarian program, he said.\", \"InputText\": \"One way would be to speed up the flow of health supplies and other urgent commodities to the country under a U.N. humanitarian program, he said.\", \"Type\": \"Newswire\"}"}, "model": "crowdsourcing.task", "pk": 68}, {"fields": {"status": 1, "last_updated": "2015-08-25T07:32:33.518Z", "deleted": false, "price": 0.0, "module": 1, "created_timestamp": "2015-08-25T07:32:33.518Z", "data": "{\"ShortenedText1\": \"Exerpts from Sen Robert G Torricellie's dealings with David Chang:\", \"ShortenedText3\": \"Following are from the Senate Ethics Committee's report on Sen. Toricelli's dealings with David Chang.\", \"ShortenedText2\": \"Following are excerpts from the report on Sen. Torricelli's dealings with Chang.\", \"ShortenedText5\": \"The findings of the Senate Ethics Committee's report on Sen. Robert G. Torricelli's dealings with Chang:\", \"ShortenedText4\": \"Below are items from the Senate Ethics Committee's take on Sen. Robert G. Torricelli's involving Chang:\", \"InputText\": \"Following are excerpts from the findings of the Senate Ethics Committee's report on Sen. Robert G. Torricelli's dealings with David Chang:\", \"Type\": \"Newswire\"}"}, "model": "crowdsourcing.task", "pk": 69}, {"fields": {"status": 1, "last_updated": "2015-08-25T07:32:33.525Z", "deleted": false, "price": 0.0, "module": 1, "created_timestamp": "2015-08-25T07:32:33.525Z", "data": "{\"ShortenedText1\": \"Traveler's group posted earnings of 24 million, compared with a loss of 3 million.\", \"ShortenedText3\": \"Traveler's employee benefits group posted earnings of $24 million, compared with a loss of $3 million last year.\", \"ShortenedText2\": \"Travelers's employee benefits group posted earnings of $24 million, compared with a loss of $3 million last year. \", \"ShortenedText5\": \"Travelers's employee benefits group posted earnings of $24 million, compared with a loss of $3 million last year.\", \"ShortenedText4\": \"Travelers's employee benefits group, including group insurance, earned $24 million, compared to a $3 million loss last year.\", \"InputText\": \"Travelers's employee benefits group, which includes its group health insurance operations, posted earnings of $24 million, compared with a loss of $3 million last year.\", \"Type\": \"Newswire\"}"}, "model": "crowdsourcing.task", "pk": 70}, {"fields": {"status": 1, "last_updated": "2015-08-25T07:32:33.532Z", "deleted": false, "price": 0.0, "module": 1, "created_timestamp": "2015-08-25T07:32:33.532Z", "data": "{\"ShortenedText1\": \"Sony Corp. completed its tender offer for Columbia Pictures Entertainment Inc. by the Tuesday deadline.\", \"ShortenedText3\": \"Colombia shareholders tendering 99.3 of all common shared by the Tuesday deadline.\", \"ShortenedText2\": \"Sony completed its offer for Columbia with Columbia shareholders tendering 99.3% of all outstanding common shares.\", \"ShortenedText5\": \"Sony completed its tender offer for Columbia Pictures with their shareholders tendering 99.3% of common shares outstanding by Tuesday.  \", \"ShortenedText4\": \"Sony Corp.'s offer for Columbia Pictures Entertainment Inc. has shareholders tendering 99.3% of all common shares outstanding.\", \"InputText\": \"Sony Corp. completed its tender offer for Columbia Pictures Entertainment Inc., with Columbia shareholders tendering 99.3 % of all common shares outstanding by the Tuesday deadline.\", \"Type\": \"Newswire\"}"}, "model": "crowdsourcing.task", "pk": 71}, {"fields": {"status": 1, "last_updated": "2015-08-25T07:32:33.537Z", "deleted": false, "price": 0.0, "module": 1, "created_timestamp": "2015-08-25T07:32:33.537Z", "data": "{\"ShortenedText1\": \"Hadson Corp. expects to report a third quarter net loss of up to $19 million. \", \"ShortenedText3\": \"Hadson Corp. expects a third - quarter net loss because of low gas prices.\", \"ShortenedText2\": \"nnnnnnnnnnnnnnnnnnnnnnnnnnnnnnnnnnnnnnnnnnnnnnnnnnnnnnnnnnnnnnnnnnnnnnnnnnnnnnnnnnnnnnnnnnnnnnn\", \"ShortenedText5\": \"Hadson Corp. said it expects to report a 3rd quarter loss of $17m to $19m due to special reserves and low gas prices.\", \"ShortenedText4\": \"Hadson Corp. expects a third quarter net loss of more than $17 million because of special reserves and low gas prices.\", \"InputText\": \"Hadson Corp. said it expects to report a third - quarter net loss of $17 million to $19 million because of special reserves and continued low natural - gas prices.\", \"Type\": \"Newswire\"}"}, "model": "crowdsourcing.task", "pk": 72}, {"fields": {"status": 1, "last_updated": "2015-08-25T07:32:33.544Z", "deleted": false, "price": 0.0, "module": 1, "created_timestamp": "2015-08-25T07:32:33.544Z", "data": "{\"ShortenedText1\": \"Sheikh Mohammed, the UAE Defense Minister, said \\\"we wish to make Dubai a center of modern economy\\\".\", \"ShortenedText3\": \"Sheikh Mohammed, the UAE Defence Minister, said \\\"we wish to make Dubai a center of modern economy.\\\"\", \"ShortenedText2\": \"nnnnnnnnnnnnnnnnnnnnnnnnnnnnnnnnnnnnnnnnnnnnnnnnnnnnnnnnnnnnnnnnnnnnnnnnnnnnnnnnnnnnnnnnnnnnnnn\", \"ShortenedText5\": \"The UAE Defence Minister, Sheikh Mohammed wishes to make Dubai a center of modern economy.\", \"ShortenedText4\": \"Sheikh Mohammed said during the launching ceremony, \\\"We wish to make Dubai a center of modern economy\\\".\", \"InputText\": \"Sheikh Mohammed, who is also the UAE Defence Minister, said during the launching ceremony \\\" we wish to make Dubai a center of modern economy \\\".\", \"Type\": \"Newswire\"}"}, "model": "crowdsourcing.task", "pk": 73}, {"fields": {"status": 1, "last_updated": "2015-08-25T07:32:33.550Z", "deleted": false, "price": 0.0, "module": 1, "created_timestamp": "2015-08-25T07:32:33.550Z", "data": "{\"ShortenedText1\": \"The international community could greatly help Iraq deal with economic and health problems.\", \"ShortenedText3\": \"He insisted the international community can do a better job helping Iraq deal with its problems.\", \"ShortenedText2\": \"He insisted the international community can assist Iraq with its economic and health problems.\", \"ShortenedText5\": \"he says the international community could do a better job to help Iraq deal with its problems.\", \"ShortenedText4\": \"he insisted the international community can greatly help Iraq deal with its national problems.\", \"InputText\": \"But he insisted the international community can do a much better job in helping Iraq deal with its economic and health problems.\", \"Type\": \"Newswire\"}"}, "model": "crowdsourcing.task", "pk": 74}, {"fields": {"status": 1, "last_updated": "2015-08-25T07:32:33.555Z", "deleted": false, "price": 0.0, "module": 1, "created_timestamp": "2015-08-25T07:32:33.555Z", "data": "{\"ShortenedText1\": \"The offer, valued at about $576 million, had been set to expire November 6th.\", \"ShortenedText3\": \"The offer, worth $576 million for 33% of Telerate that Dow Jones doesn't own, expires Nov. 6.\", \"ShortenedText2\": \"nnnnnnnnnnnnnnnnnnnnnnnnnnnnnnnnnnnnnnnnnnnnnnnnnnnnnn\", \"ShortenedText5\": \"The $576 million offer for the 33% of Telerate unowned by Dow Jones expires Nov. 6.  \", \"ShortenedText4\": \"The offer of $576 million for Telerate is set to expire Nov. 6.\", \"InputText\": \"The offer, valued at about $576 million for the 33 % of Telerate that Dow Jones doesn't already own, had been set to expire Nov. 6.\", \"Type\": \"Newswire\"}"}, "model": "crowdsourcing.task", "pk": 75}, {"fields": {"status": 1, "last_updated": "2015-08-25T07:32:33.564Z", "deleted": false, "price": 0.0, "module": 1, "created_timestamp": "2015-08-25T07:32:33.564Z", "data": "{\"ShortenedText1\": \"Every Aug. 6, Karnes says, \\\"I think of Paul Tibbets and how he handled responsibility.\\\"\", \"ShortenedText3\": \"I always think of Paul Tibbets and how he handled responsibility, Karnes said.\", \"ShortenedText2\": \"On Aug. 6 Karnes always thinks of how Paul Tibbets handled great responsibility. \", \"ShortenedText5\": \"Karnes says, \\\"I always think of Paul Tibbets and how he handled responsibility.\\\" \", \"ShortenedText4\": \"nnnnnnnnnnnnnnnnnnnnnnnnnnnnnnnnnnnnnnnnnnnnnnnnnnnnnnnnnnnnnnnnnnnnnnnnnnnnnnnnnn\", \"InputText\": \"Each year on Aug. 6, \\\" I always think of Paul Tibbets and how he handled unbelievable responsibility, \\\" Karnes said.\", \"Type\": \"Newswire\"}"}, "model": "crowdsourcing.task", "pk": 76}, {"fields": {"status": 1, "last_updated": "2015-08-25T07:32:33.569Z", "deleted": false, "price": 0.0, "module": 1, "created_timestamp": "2015-08-25T07:32:33.569Z", "data": "{\"ShortenedText1\": \"The APA scheduled 30 minutes at its meeting for an RxP debate, but believes it has a good sense of support for its policy. \", \"ShortenedText3\": \"The APA has schedules a slot for the RxP debate in August, but believes is already has a sense of support for the issue.\", \"ShortenedText2\": \"The APA will meet for 30 minutes in August for an RxP debate, but leadership believes it already has support for its policy.\", \"ShortenedText5\": \"nnnnnnnnnnnnnnnnnnnnnnnnnnnnnnnnnnnnnnnnnnnnnnnnnnnnnnnnnnnnnnnnnnnnnnnnnnnnnnnnnnnnnn\", \"ShortenedText4\": \"The APA has a 30 minute meeting in August for Rxp policy, they believe it already has support.\", \"InputText\": \"The APA has scheduled 30 minutes at its meeting in August for an RxP debate, but its leadership believes it already has an accurate sense of support for its RxP policy.\", \"Type\": \"Newswire\"}"}, "model": "crowdsourcing.task", "pk": 77}, {"fields": {"status": 1, "last_updated": "2015-08-25T07:32:33.575Z", "deleted": false, "price": 0.0, "module": 1, "created_timestamp": "2015-08-25T07:32:33.575Z", "data": "{\"ShortenedText1\": \"The e-commerce free zone is located near the industrial free zone in Jebel Ali, north Dubai. A leader in container transit.\", \"ShortenedText3\": \"The e-commerce free zone is situated in north Dubia, near the industrial free zone in Jebel Ali. \", \"ShortenedText2\": \"The e-commerce free zone is situated in north Dubai, near Jebel Asi, The tenth international leading area in container transit.\", \"ShortenedText5\": \"The e-commerce free zone is in north Dubai, near the industrial free zone in Jebel Ali, a leading area in container transit.\", \"ShortenedText4\": \"The e-commerce free zone is in north Dubai, near Jebel Ali, the top regional and 10th international area in container transit.  \", \"InputText\": \"The e-commerce free zone is situated in north Dubai, near the industrial free zone in Jebel Ali, the top regional and tenth international leading area in container transit.\", \"Type\": \"Newswire\"}"}, "model": "crowdsourcing.task", "pk": 78}, {"fields": {"status": 1, "last_updated": "2015-08-25T07:32:33.582Z", "deleted": false, "price": 0.0, "module": 1, "created_timestamp": "2015-08-25T07:32:33.582Z", "data": "{\"ShortenedText1\": \"Gerald Davison of University of Southern California is concerned non trained people will be legitimate drug prescribers.\", \"ShortenedText3\": \"Psychologist Gerald C. Davidson of the USC says that he is concerned that untrained drug prescribers will not be accepted by the American public. \", \"ShortenedText2\": \"nnnnnnnnnnnnnnnnnnnnnnnnnnnnnnnnnnnnnnnnnnnnnnnnnnnnnnnnnnnnnnnnnnnnnnnnnnnnnnnnnnnnnnnn\", \"ShortenedText5\": \"I am concerned that nonmedically trained people as prescribers of drugs will not be accepted by the American public, says psychologist Gerald C. Davison.\", \"ShortenedText4\": \"I am concerned that nonmedically trained people as legitimate prescribers of drugs will not be accepted by the American public, says Dr. Davison of USC.  \", \"InputText\": \" I am concerned that nonmedically trained people as legitimate prescribers of drugs will not be accepted by the American public,  says psychologist Gerald C. Davison of the University of Southern California.\", \"Type\": \"Newswire\"}"}, "model": "crowdsourcing.task", "pk": 79}, {"fields": {"status": 1, "last_updated": "2015-08-25T07:32:33.587Z", "deleted": false, "price": 0.0, "module": 1, "created_timestamp": "2015-08-25T07:32:33.586Z", "data": "{\"ShortenedText1\": \"nnnnnnnnnnnnnnnnnnnnnnnnnnnnnnnnnnnnnnnnnnnnnnnnnnnnnnnnnnnnnnnnnnnnnnnnnnnnnnnn\", \"ShortenedText3\": \"The offer in today's edition of Wall Street Journal will expire at the end of November.\", \"ShortenedText2\": \"The offer is scheduled to expire at the end of November.\", \"ShortenedText5\": \"The offer, in The Wall Street Journal, is scheduled to expire at the end of November.\", \"ShortenedText4\": \"The offer in The Wall Street Journal is expiring at the end of November.\", \"InputText\": \"The offer, advertised in today's editions of The Wall Street Journal, is scheduled to expire at the end of November.\", \"Type\": \"Newswire\"}"}, "model": "crowdsourcing.task", "pk": 80}, {"fields": {"status": 1, "last_updated": "2015-08-25T07:32:33.593Z", "deleted": false, "price": 0.0, "module": 1, "created_timestamp": "2015-08-25T07:32:33.593Z", "data": "{\"ShortenedText1\": \"With many crack-cocaine related killings in the 80s came the realization that youths were players in the violence.  \", \"ShortenedText3\": \"In 1980 realization that young people were fully in violence came from crack cocaine- connected killings.\", \"ShortenedText2\": \"Crack Cocaine- connected killings in the 1980s brought realization that young people can be very violent.\", \"ShortenedText5\": \"With crack cocaine killings happening in the 1980s, they realized that too many young people were players in violence\", \"ShortenedText4\": \"nnnnnnnnnnnnnnnnnnnnnnnnnnnnnnnnnnnnnnnnnnnnnnnnnnnnnnnnnnnnnnnnnnnnnnnnnnnnnnnnnnnnnnnn\", \"InputText\": \"With the barrage of crack cocaine-connected killings in the 1980s came the realization that young people were too often full-fledged players in the violence.\", \"Type\": \"Newswire\"}"}, "model": "crowdsourcing.task", "pk": 81}, {"fields": {"status": 1, "last_updated": "2015-08-25T07:32:33.600Z", "deleted": false, "price": 0.0, "module": 1, "created_timestamp": "2015-08-25T07:32:33.600Z", "data": "{\"ShortenedText1\": \"I felt like a part of the team. It was hard last year and I wanted to be a part in the good times.\", \"ShortenedText3\": \"nnnnnnnnnnnnnnnnnnnnnnnnnnnnnnnnnnnnnnnnnnnnnnnnnnnnnnnnnnnnnnnnnnnnnnnnnnnnnnnnnnnnnnn\", \"ShortenedText2\": \"After the struggle last year, I wanted to be part of the team in the good times, and I feel I was.\", \"ShortenedText5\": \"I was part of the team. I went through struggles last year and wanted to be part of the good times.\", \"ShortenedText4\": \"I felt like I was part of the team. I struggles last year and wanted to be part of the good times.\", \"InputText\": \" I felt like I was a big part of the team. I went through the struggles last year and I wanted to be a part of it in the good times. \", \"Type\": \"Newswire\"}"}, "model": "crowdsourcing.task", "pk": 82}, {"fields": {"status": 1, "last_updated": "2015-08-25T07:32:33.605Z", "deleted": false, "price": 0.0, "module": 1, "created_timestamp": "2015-08-25T07:32:33.605Z", "data": "{\"ShortenedText1\": \"The plan filed jointly with unsecured creditors in federal bankruptcy court must be approved.\", \"ShortenedText3\": \"The plan was filed with creditors in bankruptcy court and must be approved by the court.\", \"ShortenedText2\": \"nnnnnnnnnnnnnnnnnnnnnnnnnnnnnnnnnnnnnnnnnnnnnnnnnnnnnnnnnnnnnnnnnnnnnnnnnnnnnn\", \"ShortenedText5\": \"The plan was filed in federal bankruptcy court with unsecured creditors and must be approved.\", \"ShortenedText4\": \"The plan was filed with unsecured creditors and must be approved by the court.\", \"InputText\": \"The plan was filed jointly with unsecured creditors in federal bankruptcy court in New York and must be approved by the court.\", \"Type\": \"Newswire\"}"}, "model": "crowdsourcing.task", "pk": 83}, {"fields": {"status": 1, "last_updated": "2015-08-25T07:32:33.614Z", "deleted": false, "price": 0.0, "module": 1, "created_timestamp": "2015-08-25T07:32:33.614Z", "data": "{\"ShortenedText1\": \"By Tuesday night the Red Sox were able to get the player they wanted.\", \"ShortenedText3\": \"By Tuesday night the Red Sox were able to get the player they wanted for their lineup.\", \"ShortenedText2\": \"nnnnnnnnnnnnnnnnnnnnnnnnnnnnnnnnnnnnnnnnnnnnnnnnnnnnnnnnnnnnnnnnnnnnnnnnnnnnnnnnnnn\", \"ShortenedText5\": \"By Tuesday night the Red Sox were able to get the player they wanted for their lineup.\", \"ShortenedText4\": \"But the Red Sox persisted and by Tuesday had the player they wanted for their lineup.  \", \"InputText\": \"But as the day wore on, the Red Sox tried harder and by Tuesday night were able to get the player they wanted for their lineup.\", \"Type\": \"Newswire\"}"}, "model": "crowdsourcing.task", "pk": 84}, {"fields": {"status": 1, "last_updated": "2015-08-25T07:32:33.619Z", "deleted": false, "price": 0.0, "module": 1, "created_timestamp": "2015-08-25T07:32:33.619Z", "data": "{\"ShortenedText1\": \"Fore of the mint said the coin is valuable because of its uniqueness and beauty.\", \"ShortenedText3\": \"The coin's high price was reached \\\"because it is one of a kind, beautiful and has a great story.\\\"\", \"ShortenedText2\": \"nnnnnnnnnnnnnnnnnnnnnnnnnnnnnnnnnnnnnnnnnnnnnnnnnnnnnnnnnnnnnnnnnnnnnnnnnnnnnnnnnn\", \"ShortenedText5\": \"The price for the coin was reached because it's one of a kind, is beautiful, and has a great story. \", \"ShortenedText4\": \"Fore said the coin's price was reached \\\"because it is one of a kind, beautiful and has a great story.\\\"\", \"InputText\": \"Fore of the mint said the high price for the coin was reached \\\" because it is one of a kind, it is beautiful and it has a great story. \\\"\", \"Type\": \"Newswire\"}"}, "model": "crowdsourcing.task", "pk": 85}, {"fields": {"status": 1, "last_updated": "2015-08-25T07:32:33.626Z", "deleted": false, "price": 0.0, "module": 1, "created_timestamp": "2015-08-25T07:32:33.626Z", "data": "{\"ShortenedText1\": \"nnnnnnnnnnnnnnnnnnnnnnnnnnnnnnnnnnnnnnnnnnnnnnnnnnnnnnnnnnnnnnnnnnnnnnnnnnnnnnnnnnnnnnnnnnn\", \"ShortenedText3\": \"Shareholders approved acquisition by Royal Trustco Ltd. for $27 a share, or $212 million.\", \"ShortenedText2\": \"Pacific First Financial Corp. said shareholders approved its acquisition for $27 a share.\", \"ShortenedText5\": \"Pacific's shareholders approved the acquisition by Royal Trustco Ltd. for $27 a share, or $212 million.\", \"ShortenedText4\": \"Pacific First Financial's shareholders approved its buy by Royal Trustco for $27/share, or $212 million.\", \"InputText\": \"Pacific First Financial Corp. said shareholders approved its acquisition by Royal Trustco Ltd. of Toronto for $27 a share, or $212 million.\", \"Type\": \"Newswire\"}"}, "model": "crowdsourcing.task", "pk": 86}, {"fields": {"status": 1, "last_updated": "2015-08-25T07:32:33.633Z", "deleted": false, "price": 0.0, "module": 1, "created_timestamp": "2015-08-25T07:32:33.633Z", "data": "{\"ShortenedText1\": \"Between 1991-1997, a U.S. Department of Defense psychopharmacology demonstration project trained 10 military psychologist to write prescriptions.\", \"ShortenedText3\": \"Between 1991 and 1997 a U.S. Department of Defense psychopharmacology made a project that lasted 2-4 years training 10 military psychologists. \", \"ShortenedText2\": \"nnnnnnnnnnnnnnnnnnnnnnnnnnnnnnnnnnnnnnnnnnnnnnnnnnnnnnnnnnnnnnnnnnnnnnnnnnnnnnn\", \"ShortenedText5\": \"A 2 to 4 year project between 1991-1997 by the Department of Defense, produced 10 military psychologists that can write prescriptions.\", \"ShortenedText4\": \"In 1991-1997, a U.S. Department of Defense project involved 2-4 years' training produced 10 military psychologists who can write prescriptions.  \", \"InputText\": \"Between 1991 and 1997, a U.S. Department of Defense psychopharmacology demonstration project involving two to four years ' training produced 10 military psychologists who can write prescriptions.\", \"Type\": \"Newswire\"}"}, "model": "crowdsourcing.task", "pk": 87}, {"fields": {"status": 1, "last_updated": "2015-08-25T07:32:33.637Z", "deleted": false, "price": 0.0, "module": 1, "created_timestamp": "2015-08-25T07:32:33.637Z", "data": "{\"ShortenedText1\": \"APA president Philip G. Zimbardo of Stanford says they have not had much opposition against this.\", \"ShortenedText3\": \"Except for this small vocal minority, we have not gotten a lot of groundswell against this, says APA president Zimbardo.\", \"ShortenedText2\": \"nnnnnnnnnnnnnnnnnnnnnnnnnnnnnnnnnnnnnnnnnnnnnnnnnnnnnnnnnnnnnnnnnnnnnnnnnnnnnn\", \"ShortenedText5\": \"Except for a vocal minority, we haven't gotten much groundswell from members,  says Philip G. Zimbardo of Stanford University.\", \"ShortenedText4\": \"APA president of Stanford has stated that except for a vocal minority they have not gotten a lot of pushback from members.\", \"InputText\": \" Except for this small vocal minority, we have just not gotten a lot of groundswell against this from members,  says APA president Philip G. Zimbardo of Stanford University.\", \"Type\": \"Newswire\"}"}, "model": "crowdsourcing.task", "pk": 88}, {"fields": {"status": 1, "last_updated": "2015-08-25T07:32:33.644Z", "deleted": false, "price": 0.0, "module": 1, "created_timestamp": "2015-08-25T07:32:33.644Z", "data": "{\"ShortenedText1\": \"nnnnnnnnnnnnnnnnnnnnnnnnnnnnnnnnnnnnnnnnnnnnnnnnnnnnnnnnnnnnnnnnnnnnnnnnnnnnnnnnnnnnnnnnnnn\", \"ShortenedText3\": \"The launching 'Dubai Internet city' opened alongside the annual information fair, which is considered their largest Information Technology Getix. \", \"ShortenedText2\": \"Launching 'Dubai Internet city' synced with Dubai's annual info fair, considered the biggest in the Middle East-Gulf Information Technology Getix.'\", \"ShortenedText5\": \"'Dubai Internet city ' is launching its annual opening which will be the Middle East's biggest information fair.\", \"ShortenedText4\": \"Dubai Internet city and the annual information fair in Dubai opened on the same day.\", \"InputText\": \"Launching ' Dubai Internet city ' coincided with the opening of the annual information fair in Dubai which is considered to be the biggest in the Middle East - Gulf Information Technology Getix. '\", \"Type\": \"Newswire\"}"}, "model": "crowdsourcing.task", "pk": 89}, {"fields": {"status": 1, "last_updated": "2015-08-25T07:32:33.650Z", "deleted": false, "price": 0.0, "module": 1, "created_timestamp": "2015-08-25T07:32:33.650Z", "data": "{\"ShortenedText1\": \"nnnnnnnnnnnnnnnnnnnnnnnnnnnnnnnnnnnnnnnnnnnnnnnnnnnnnnnnnnnnnnnnnnnnnnnnnnnnnnnnnnnn\", \"ShortenedText3\": \"Two of the court's members did not participate in the Nelson case because both are former attorneys general.\", \"ShortenedText2\": \"Two court members were unable to participate in the Nelson case because they were former attorney generals.\", \"ShortenedText5\": \"Chief Justice Poritz and Justice Verniero, both former attorney generals, did not participate in the Nelson case .\", \"ShortenedText4\": \"Chief Justice Deborah T. Portitz and Justice Peter G. Verniero did not participate in the Nelson case.\", \"InputText\": \"Two of the court's members, Chief Justice Deborah T. Poritz and Justice Peter G. Verniero, did not participate in the Nelson case because both are former attorneys general.\", \"Type\": \"Newswire\"}"}, "model": "crowdsourcing.task", "pk": 90}, {"fields": {"status": 1, "last_updated": "2015-08-25T07:32:33.661Z", "deleted": false, "price": 0.0, "module": 1, "created_timestamp": "2015-08-25T07:32:33.661Z", "data": "{\"ShortenedText1\": \"nnnnnnnnnnnnnnnnnnnnnnnnnnnnnnnnnnnnnnnnnnnnnnnnnnnnnnnnnnnnnnnnnnnnnnnnnnnnnnnnnnnnnnnnn\", \"ShortenedText3\": \"Mr. Stronach resigned as CEO last year to seek a seat in Canada's Parliament. \", \"ShortenedText2\": \"Mr. Stronach, founder of Magna, resigned as executive officer last year to seek, a seat in Canada's Parliament. \", \"ShortenedText5\": \"Magna's founder resigned to seek a seat for government, but was unsuccessful.\", \"ShortenedText4\": \"Mr. Stronach resigned as chief executive officer of Magna last year to seek a seat in Canada's Parliament.\", \"InputText\": \"Mr. Stronach, founder and controlling shareholder of Magna, resigned as chief executive officer last year to seek, unsuccessfully, a seat in Canada's Parliament.\", \"Type\": \"Newswire\"}"}, "model": "crowdsourcing.task", "pk": 91}, {"fields": {"status": 1, "last_updated": "2015-08-25T07:32:33.670Z", "deleted": false, "price": 0.0, "module": 1, "created_timestamp": "2015-08-25T07:32:33.670Z", "data": "{\"ShortenedText1\": \"nnnnnnnnnnnnnnnnnnnnnnnnnnnnnnnnnnnnnnnnnnnnnnnnnnnnnnnnnnnnnnnnnnnnnnnnnnnnnnnnnnnnn\", \"ShortenedText3\": \"He told The Associated Press before leaving the United States that he hopes to \\\"separate the humanitarian work from the political issues.\\\"\", \"ShortenedText2\": \"He told The Associated Press before leaving the U.S that he hopes to separate the humanitarian work from the political issues.\", \"ShortenedText5\": \"Before leaving the United States he told reporters he hopes to \\\"separate the humanitarian work from the political issues.\\\"\", \"ShortenedText4\": \"He told The Associated Press that he hopes \\\"to separate humanitarian work and political issues.\\\"\", \"InputText\": \"He did not speak to reporters in Jordan, but he told The Associated Press before leaving the United States that he hopes to \\\" separate the humanitarian work from the political issues. \\\"\", \"Type\": \"Newswire\"}"}, "model": "crowdsourcing.task", "pk": 92}, {"fields": {"created_timestamp": "2015-08-25T07:33:42.353Z", "last_updated": "2015-08-25T07:33:46.344Z", "task": 1, "worker": 2, "task_status": 1}, "model": "crowdsourcing.taskworker", "pk": 1}, {"fields": {"created_timestamp": "2015-08-25T07:34:45.202Z", "last_updated": "2015-08-25T07:35:07.353Z", "task": 1, "worker": 3, "task_status": 2}, "model": "crowdsourcing.taskworker", "pk": 2}, {"fields": {"created_timestamp": "2015-08-25T07:35:07.397Z", "last_updated": "2015-08-25T07:35:27.560Z", "task": 2, "worker": 3, "task_status": 2}, "model": "crowdsourcing.taskworker", "pk": 3}, {"fields": {"created_timestamp": "2015-08-25T07:35:27.627Z", "last_updated": "2015-08-25T07:35:34.251Z", "task": 3, "worker": 3, "task_status": 2}, "model": "crowdsourcing.taskworker", "pk": 4}, {"fields": {"created_timestamp": "2015-08-25T07:35:34.294Z", "last_updated": "2015-08-25T07:35:34.294Z", "task": 4, "worker": 3, "task_status": 1}, "model": "crowdsourcing.taskworker", "pk": 5}, {"fields": {"created_timestamp": "2015-08-25T07:35:43.630Z", "last_updated": "2015-08-25T07:37:01.771Z", "task": 2, "worker": 2, "task_status": 1}, "model": "crowdsourcing.taskworker", "pk": 6}, {"fields": {"status": 1, "last_updated": "2015-08-25T07:33:46.360Z", "template_item": 2, "task_worker": 1, "result": "1", "created_timestamp": "2015-08-25T07:33:46.360Z"}, "model": "crowdsourcing.taskworkerresult", "pk": 1}, {"fields": {"status": 1, "last_updated": "2015-08-25T07:33:46.364Z", "template_item": 3, "task_worker": 1, "result": "2", "created_timestamp": "2015-08-25T07:33:46.364Z"}, "model": "crowdsourcing.taskworkerresult", "pk": 2}, {"fields": {"status": 1, "last_updated": "2015-08-25T07:35:07.378Z", "template_item": 2, "task_worker": 2, "result": "1", "created_timestamp": "2015-08-25T07:35:07.378Z"}, "model": "crowdsourcing.taskworkerresult", "pk": 3}, {"fields": {"status": 1, "last_updated": "2015-08-25T07:35:07.381Z", "template_item": 3, "task_worker": 2, "result": "2", "created_timestamp": "2015-08-25T07:35:07.381Z"}, "model": "crowdsourcing.taskworkerresult", "pk": 4}, {"fields": {"status": 1, "last_updated": "2015-08-25T07:35:27.599Z", "template_item": 2, "task_worker": 3, "result": "2", "created_timestamp": "2015-08-25T07:35:27.599Z"}, "model": "crowdsourcing.taskworkerresult", "pk": 5}, {"fields": {"status": 1, "last_updated": "2015-08-25T07:35:27.604Z", "template_item": 3, "task_worker": 3, "result": "3", "created_timestamp": "2015-08-25T07:35:27.604Z"}, "model": "crowdsourcing.taskworkerresult", "pk": 6}, {"fields": {"status": 1, "last_updated": "2015-08-25T07:35:34.265Z", "template_item": 2, "task_worker": 4, "result": "4", "created_timestamp": "2015-08-25T07:35:34.265Z"}, "model": "crowdsourcing.taskworkerresult", "pk": 7}, {"fields": {"status": 1, "last_updated": "2015-08-25T07:35:34.271Z", "template_item": 3, "task_worker": 4, "result": "5", "created_timestamp": "2015-08-25T07:35:34.271Z"}, "model": "crowdsourcing.taskworkerresult", "pk": 8}, {"fields": {"status": 1, "last_updated": "2015-08-25T07:37:01.788Z", "template_item": 2, "task_worker": 6, "result": "1", "created_timestamp": "2015-08-25T07:37:01.788Z"}, "model": "crowdsourcing.taskworkerresult", "pk": 9}, {"fields": {"status": 1, "last_updated": "2015-08-25T07:37:01.793Z", "template_item": 3, "task_worker": 6, "result": "2", "created_timestamp": "2015-08-25T07:37:01.793Z"}, "model": "crowdsourcing.taskworkerresult", "pk": 10}, {"fields": {"origin": 1, "last_updated": "2015-08-25T05:40:26.255Z", "target": 2, "weight": 4.0, "module": 1, "created_timestamp": "2015-08-25T05:40:26.255Z", "type": "requester"}, "model": "crowdsourcing.workerrequesterrating", "pk": 1}, {"fields": {"origin": 1, "last_updated": "2015-08-25T05:40:26.255Z", "target": 3, "weight": 4.0, "module": 1, "created_timestamp": "2015-08-25T05:40:26.255Z", "type": "requester"}, "model": "crowdsourcing.workerrequesterrating", "pk": 2}, {"fields": {"body": "my name is rohit", "last_updated": "2015-08-25T07:33:54.736Z", "sender": 2, "parent": null, "deleted": false, "created_timestamp": "2015-08-25T07:33:54.736Z"}, "model": "crowdsourcing.comment", "pk": 1}, {"fields": {"body": "my name is durim", "last_updated": "2015-08-25T07:34:43.570Z", "sender": 3, "parent": null, "deleted": false, "created_timestamp": "2015-08-25T07:34:43.570Z"}, "model": "crowdsourcing.comment", "pk": 2}, {"fields": {"body": "this task is fun!", "last_updated": "2015-08-25T07:34:53.088Z", "sender": 3, "parent": null, "deleted": false, "created_timestamp": "2015-08-25T07:34:53.088Z"}, "model": "crowdsourcing.comment", "pk": 3}, {"fields": {"body": "adsfd", "last_updated": "2015-08-25T07:35:24.420Z", "sender": 3, "parent": null, "deleted": false, "created_timestamp": "2015-08-25T07:35:24.420Z"}, "model": "crowdsourcing.comment", "pk": 4}, {"fields": {"body": "adfasdfasd", "last_updated": "2015-08-25T07:35:30.679Z", "sender": 3, "parent": null, "deleted": false, "created_timestamp": "2015-08-25T07:35:30.679Z"}, "model": "crowdsourcing.comment", "pk": 5}, {"fields": {"comment": 1, "deleted": false, "module": 1}, "model": "crowdsourcing.modulecomment", "pk": 1}, {"fields": {"comment": 2, "deleted": false, "module": 1}, "model": "crowdsourcing.modulecomment", "pk": 2}, {"fields": {"comment": 3, "deleted": false, "task": 1}, "model": "crowdsourcing.taskcomment", "pk": 1}, {"fields": {"comment": 4, "deleted": false, "task": 2}, "model": "crowdsourcing.taskcomment", "pk": 2}, {"fields": {"comment": 5, "deleted": false, "task": 3}, "model": "crowdsourcing.taskcomment", "pk": 3}, {"fields": {"codename": "add_permission", "name": "Can add permission", "content_type": 1}, "model": "auth.permission", "pk": 1}, {"fields": {"codename": "change_permission", "name": "Can change permission", "content_type": 1}, "model": "auth.permission", "pk": 2}, {"fields": {"codename": "delete_permission", "name": "Can delete permission", "content_type": 1}, "model": "auth.permission", "pk": 3}, {"fields": {"codename": "add_group", "name": "Can add group", "content_type": 2}, "model": "auth.permission", "pk": 4}, {"fields": {"codename": "change_group", "name": "Can change group", "content_type": 2}, "model": "auth.permission", "pk": 5}, {"fields": {"codename": "delete_group", "name": "Can delete group", "content_type": 2}, "model": "auth.permission", "pk": 6}, {"fields": {"codename": "add_user", "name": "Can add user", "content_type": 3}, "model": "auth.permission", "pk": 7}, {"fields": {"codename": "change_user", "name": "Can change user", "content_type": 3}, "model": "auth.permission", "pk": 8}, {"fields": {"codename": "delete_user", "name": "Can delete user", "content_type": 3}, "model": "auth.permission", "pk": 9}, {"fields": {"codename": "add_contenttype", "name": "Can add content type", "content_type": 4}, "model": "auth.permission", "pk": 10}, {"fields": {"codename": "change_contenttype", "name": "Can change content type", "content_type": 4}, "model": "auth.permission", "pk": 11}, {"fields": {"codename": "delete_contenttype", "name": "Can delete content type", "content_type": 4}, "model": "auth.permission", "pk": 12}, {"fields": {"codename": "add_session", "name": "Can add session", "content_type": 5}, "model": "auth.permission", "pk": 13}, {"fields": {"codename": "change_session", "name": "Can change session", "content_type": 5}, "model": "auth.permission", "pk": 14}, {"fields": {"codename": "delete_session", "name": "Can delete session", "content_type": 5}, "model": "auth.permission", "pk": 15}, {"fields": {"codename": "add_application", "name": "Can add application", "content_type": 6}, "model": "auth.permission", "pk": 16}, {"fields": {"codename": "change_application", "name": "Can change application", "content_type": 6}, "model": "auth.permission", "pk": 17}, {"fields": {"codename": "delete_application", "name": "Can delete application", "content_type": 6}, "model": "auth.permission", "pk": 18}, {"fields": {"codename": "add_grant", "name": "Can add grant", "content_type": 7}, "model": "auth.permission", "pk": 19}, {"fields": {"codename": "change_grant", "name": "Can change grant", "content_type": 7}, "model": "auth.permission", "pk": 20}, {"fields": {"codename": "delete_grant", "name": "Can delete grant", "content_type": 7}, "model": "auth.permission", "pk": 21}, {"fields": {"codename": "add_accesstoken", "name": "Can add access token", "content_type": 8}, "model": "auth.permission", "pk": 22}, {"fields": {"codename": "change_accesstoken", "name": "Can change access token", "content_type": 8}, "model": "auth.permission", "pk": 23}, {"fields": {"codename": "delete_accesstoken", "name": "Can delete access token", "content_type": 8}, "model": "auth.permission", "pk": 24}, {"fields": {"codename": "add_refreshtoken", "name": "Can add refresh token", "content_type": 9}, "model": "auth.permission", "pk": 25}, {"fields": {"codename": "change_refreshtoken", "name": "Can change refresh token", "content_type": 9}, "model": "auth.permission", "pk": 26}, {"fields": {"codename": "delete_refreshtoken", "name": "Can delete refresh token", "content_type": 9}, "model": "auth.permission", "pk": 27}, {"fields": {"codename": "add_registrationmodel", "name": "Can add registration model", "content_type": 10}, "model": "auth.permission", "pk": 28}, {"fields": {"codename": "change_registrationmodel", "name": "Can change registration model", "content_type": 10}, "model": "auth.permission", "pk": 29}, {"fields": {"codename": "delete_registrationmodel", "name": "Can delete registration model", "content_type": 10}, "model": "auth.permission", "pk": 30}, {"fields": {"codename": "add_passwordresetmodel", "name": "Can add password reset model", "content_type": 11}, "model": "auth.permission", "pk": 31}, {"fields": {"codename": "change_passwordresetmodel", "name": "Can change password reset model", "content_type": 11}, "model": "auth.permission", "pk": 32}, {"fields": {"codename": "delete_passwordresetmodel", "name": "Can delete password reset model", "content_type": 11}, "model": "auth.permission", "pk": 33}, {"fields": {"codename": "add_region", "name": "Can add region", "content_type": 12}, "model": "auth.permission", "pk": 34}, {"fields": {"codename": "change_region", "name": "Can change region", "content_type": 12}, "model": "auth.permission", "pk": 35}, {"fields": {"codename": "delete_region", "name": "Can delete region", "content_type": 12}, "model": "auth.permission", "pk": 36}, {"fields": {"codename": "add_country", "name": "Can add country", "content_type": 13}, "model": "auth.permission", "pk": 37}, {"fields": {"codename": "change_country", "name": "Can change country", "content_type": 13}, "model": "auth.permission", "pk": 38}, {"fields": {"codename": "delete_country", "name": "Can delete country", "content_type": 13}, "model": "auth.permission", "pk": 39}, {"fields": {"codename": "add_city", "name": "Can add city", "content_type": 14}, "model": "auth.permission", "pk": 40}, {"fields": {"codename": "change_city", "name": "Can change city", "content_type": 14}, "model": "auth.permission", "pk": 41}, {"fields": {"codename": "delete_city", "name": "Can delete city", "content_type": 14}, "model": "auth.permission", "pk": 42}, {"fields": {"codename": "add_address", "name": "Can add address", "content_type": 15}, "model": "auth.permission", "pk": 43}, {"fields": {"codename": "change_address", "name": "Can change address", "content_type": 15}, "model": "auth.permission", "pk": 44}, {"fields": {"codename": "delete_address", "name": "Can delete address", "content_type": 15}, "model": "auth.permission", "pk": 45}, {"fields": {"codename": "add_role", "name": "Can add role", "content_type": 16}, "model": "auth.permission", "pk": 46}, {"fields": {"codename": "change_role", "name": "Can change role", "content_type": 16}, "model": "auth.permission", "pk": 47}, {"fields": {"codename": "delete_role", "name": "Can delete role", "content_type": 16}, "model": "auth.permission", "pk": 48}, {"fields": {"codename": "add_language", "name": "Can add language", "content_type": 17}, "model": "auth.permission", "pk": 49}, {"fields": {"codename": "change_language", "name": "Can change language", "content_type": 17}, "model": "auth.permission", "pk": 50}, {"fields": {"codename": "delete_language", "name": "Can delete language", "content_type": 17}, "model": "auth.permission", "pk": 51}, {"fields": {"codename": "add_userprofile", "name": "Can add user profile", "content_type": 18}, "model": "auth.permission", "pk": 52}, {"fields": {"codename": "change_userprofile", "name": "Can change user profile", "content_type": 18}, "model": "auth.permission", "pk": 53}, {"fields": {"codename": "delete_userprofile", "name": "Can delete user profile", "content_type": 18}, "model": "auth.permission", "pk": 54}, {"fields": {"codename": "add_usercountry", "name": "Can add user country", "content_type": 19}, "model": "auth.permission", "pk": 55}, {"fields": {"codename": "change_usercountry", "name": "Can change user country", "content_type": 19}, "model": "auth.permission", "pk": 56}, {"fields": {"codename": "delete_usercountry", "name": "Can delete user country", "content_type": 19}, "model": "auth.permission", "pk": 57}, {"fields": {"codename": "add_skill", "name": "Can add skill", "content_type": 20}, "model": "auth.permission", "pk": 58}, {"fields": {"codename": "change_skill", "name": "Can change skill", "content_type": 20}, "model": "auth.permission", "pk": 59}, {"fields": {"codename": "delete_skill", "name": "Can delete skill", "content_type": 20}, "model": "auth.permission", "pk": 60}, {"fields": {"codename": "add_worker", "name": "Can add worker", "content_type": 21}, "model": "auth.permission", "pk": 61}, {"fields": {"codename": "change_worker", "name": "Can change worker", "content_type": 21}, "model": "auth.permission", "pk": 62}, {"fields": {"codename": "delete_worker", "name": "Can delete worker", "content_type": 21}, "model": "auth.permission", "pk": 63}, {"fields": {"codename": "add_workerskill", "name": "Can add worker skill", "content_type": 22}, "model": "auth.permission", "pk": 64}, {"fields": {"codename": "change_workerskill", "name": "Can change worker skill", "content_type": 22}, "model": "auth.permission", "pk": 65}, {"fields": {"codename": "delete_workerskill", "name": "Can delete worker skill", "content_type": 22}, "model": "auth.permission", "pk": 66}, {"fields": {"codename": "add_requester", "name": "Can add requester", "content_type": 23}, "model": "auth.permission", "pk": 67}, {"fields": {"codename": "change_requester", "name": "Can change requester", "content_type": 23}, "model": "auth.permission", "pk": 68}, {"fields": {"codename": "delete_requester", "name": "Can delete requester", "content_type": 23}, "model": "auth.permission", "pk": 69}, {"fields": {"codename": "add_userrole", "name": "Can add user role", "content_type": 24}, "model": "auth.permission", "pk": 70}, {"fields": {"codename": "change_userrole", "name": "Can change user role", "content_type": 24}, "model": "auth.permission", "pk": 71}, {"fields": {"codename": "delete_userrole", "name": "Can delete user role", "content_type": 24}, "model": "auth.permission", "pk": 72}, {"fields": {"codename": "add_friendship", "name": "Can add friendship", "content_type": 25}, "model": "auth.permission", "pk": 73}, {"fields": {"codename": "change_friendship", "name": "Can change friendship", "content_type": 25}, "model": "auth.permission", "pk": 74}, {"fields": {"codename": "delete_friendship", "name": "Can delete friendship", "content_type": 25}, "model": "auth.permission", "pk": 75}, {"fields": {"codename": "add_category", "name": "Can add category", "content_type": 26}, "model": "auth.permission", "pk": 76}, {"fields": {"codename": "change_category", "name": "Can change category", "content_type": 26}, "model": "auth.permission", "pk": 77}, {"fields": {"codename": "delete_category", "name": "Can delete category", "content_type": 26}, "model": "auth.permission", "pk": 78}, {"fields": {"codename": "add_project", "name": "Can add project", "content_type": 27}, "model": "auth.permission", "pk": 79}, {"fields": {"codename": "change_project", "name": "Can change project", "content_type": 27}, "model": "auth.permission", "pk": 80}, {"fields": {"codename": "delete_project", "name": "Can delete project", "content_type": 27}, "model": "auth.permission", "pk": 81}, {"fields": {"codename": "add_projectrequester", "name": "Can add project requester", "content_type": 28}, "model": "auth.permission", "pk": 82}, {"fields": {"codename": "change_projectrequester", "name": "Can change project requester", "content_type": 28}, "model": "auth.permission", "pk": 83}, {"fields": {"codename": "delete_projectrequester", "name": "Can delete project requester", "content_type": 28}, "model": "auth.permission", "pk": 84}, {"fields": {"codename": "add_template", "name": "Can add template", "content_type": 29}, "model": "auth.permission", "pk": 85}, {"fields": {"codename": "change_template", "name": "Can change template", "content_type": 29}, "model": "auth.permission", "pk": 86}, {"fields": {"codename": "delete_template", "name": "Can delete template", "content_type": 29}, "model": "auth.permission", "pk": 87}, {"fields": {"codename": "add_module", "name": "Can add module", "content_type": 30}, "model": "auth.permission", "pk": 88}, {"fields": {"codename": "change_module", "name": "Can change module", "content_type": 30}, "model": "auth.permission", "pk": 89}, {"fields": {"codename": "delete_module", "name": "Can delete module", "content_type": 30}, "model": "auth.permission", "pk": 90}, {"fields": {"codename": "add_modulecategory", "name": "Can add module category", "content_type": 31}, "model": "auth.permission", "pk": 91}, {"fields": {"codename": "change_modulecategory", "name": "Can change module category", "content_type": 31}, "model": "auth.permission", "pk": 92}, {"fields": {"codename": "delete_modulecategory", "name": "Can delete module category", "content_type": 31}, "model": "auth.permission", "pk": 93}, {"fields": {"codename": "add_projectcategory", "name": "Can add project category", "content_type": 32}, "model": "auth.permission", "pk": 94}, {"fields": {"codename": "change_projectcategory", "name": "Can change project category", "content_type": 32}, "model": "auth.permission", "pk": 95}, {"fields": {"codename": "delete_projectcategory", "name": "Can delete project category", "content_type": 32}, "model": "auth.permission", "pk": 96}, {"fields": {"codename": "add_templateitem", "name": "Can add template item", "content_type": 33}, "model": "auth.permission", "pk": 97}, {"fields": {"codename": "change_templateitem", "name": "Can change template item", "content_type": 33}, "model": "auth.permission", "pk": 98}, {"fields": {"codename": "delete_templateitem", "name": "Can delete template item", "content_type": 33}, "model": "auth.permission", "pk": 99}, {"fields": {"codename": "add_moduletemplate", "name": "Can add module template", "content_type": 34}, "model": "auth.permission", "pk": 100}, {"fields": {"codename": "change_moduletemplate", "name": "Can change module template", "content_type": 34}, "model": "auth.permission", "pk": 101}, {"fields": {"codename": "delete_moduletemplate", "name": "Can delete module template", "content_type": 34}, "model": "auth.permission", "pk": 102}, {"fields": {"codename": "add_templateitemproperties", "name": "Can add template item properties", "content_type": 35}, "model": "auth.permission", "pk": 103}, {"fields": {"codename": "change_templateitemproperties", "name": "Can change template item properties", "content_type": 35}, "model": "auth.permission", "pk": 104}, {"fields": {"codename": "delete_templateitemproperties", "name": "Can delete template item properties", "content_type": 35}, "model": "auth.permission", "pk": 105}, {"fields": {"codename": "add_task", "name": "Can add task", "content_type": 36}, "model": "auth.permission", "pk": 106}, {"fields": {"codename": "change_task", "name": "Can change task", "content_type": 36}, "model": "auth.permission", "pk": 107}, {"fields": {"codename": "delete_task", "name": "Can delete task", "content_type": 36}, "model": "auth.permission", "pk": 108}, {"fields": {"codename": "add_taskworker", "name": "Can add task worker", "content_type": 37}, "model": "auth.permission", "pk": 109}, {"fields": {"codename": "change_taskworker", "name": "Can change task worker", "content_type": 37}, "model": "auth.permission", "pk": 110}, {"fields": {"codename": "delete_taskworker", "name": "Can delete task worker", "content_type": 37}, "model": "auth.permission", "pk": 111}, {"fields": {"codename": "add_taskworkerresult", "name": "Can add task worker result", "content_type": 38}, "model": "auth.permission", "pk": 112}, {"fields": {"codename": "change_taskworkerresult", "name": "Can change task worker result", "content_type": 38}, "model": "auth.permission", "pk": 113}, {"fields": {"codename": "delete_taskworkerresult", "name": "Can delete task worker result", "content_type": 38}, "model": "auth.permission", "pk": 114}, {"fields": {"codename": "add_workermoduleapplication", "name": "Can add worker module application", "content_type": 39}, "model": "auth.permission", "pk": 115}, {"fields": {"codename": "change_workermoduleapplication", "name": "Can change worker module application", "content_type": 39}, "model": "auth.permission", "pk": 116}, {"fields": {"codename": "delete_workermoduleapplication", "name": "Can delete worker module application", "content_type": 39}, "model": "auth.permission", "pk": 117}, {"fields": {"codename": "add_activitylog", "name": "Can add activity log", "content_type": 40}, "model": "auth.permission", "pk": 118}, {"fields": {"codename": "change_activitylog", "name": "Can change activity log", "content_type": 40}, "model": "auth.permission", "pk": 119}, {"fields": {"codename": "delete_activitylog", "name": "Can delete activity log", "content_type": 40}, "model": "auth.permission", "pk": 120}, {"fields": {"codename": "add_qualification", "name": "Can add qualification", "content_type": 41}, "model": "auth.permission", "pk": 121}, {"fields": {"codename": "change_qualification", "name": "Can change qualification", "content_type": 41}, "model": "auth.permission", "pk": 122}, {"fields": {"codename": "delete_qualification", "name": "Can delete qualification", "content_type": 41}, "model": "auth.permission", "pk": 123}, {"fields": {"codename": "add_qualificationitem", "name": "Can add qualification item", "content_type": 42}, "model": "auth.permission", "pk": 124}, {"fields": {"codename": "change_qualificationitem", "name": "Can change qualification item", "content_type": 42}, "model": "auth.permission", "pk": 125}, {"fields": {"codename": "delete_qualificationitem", "name": "Can delete qualification item", "content_type": 42}, "model": "auth.permission", "pk": 126}, {"fields": {"codename": "add_userlanguage", "name": "Can add user language", "content_type": 43}, "model": "auth.permission", "pk": 127}, {"fields": {"codename": "change_userlanguage", "name": "Can change user language", "content_type": 43}, "model": "auth.permission", "pk": 128}, {"fields": {"codename": "delete_userlanguage", "name": "Can delete user language", "content_type": 43}, "model": "auth.permission", "pk": 129}, {"fields": {"codename": "add_currency", "name": "Can add currency", "content_type": 44}, "model": "auth.permission", "pk": 130}, {"fields": {"codename": "change_currency", "name": "Can change currency", "content_type": 44}, "model": "auth.permission", "pk": 131}, {"fields": {"codename": "delete_currency", "name": "Can delete currency", "content_type": 44}, "model": "auth.permission", "pk": 132}, {"fields": {"codename": "add_userpreferences", "name": "Can add user preferences", "content_type": 45}, "model": "auth.permission", "pk": 133}, {"fields": {"codename": "change_userpreferences", "name": "Can change user preferences", "content_type": 45}, "model": "auth.permission", "pk": 134}, {"fields": {"codename": "delete_userpreferences", "name": "Can delete user preferences", "content_type": 45}, "model": "auth.permission", "pk": 135}, {"fields": {"codename": "add_requesterranking", "name": "Can add requester ranking", "content_type": 46}, "model": "auth.permission", "pk": 136}, {"fields": {"codename": "change_requesterranking", "name": "Can change requester ranking", "content_type": 46}, "model": "auth.permission", "pk": 137}, {"fields": {"codename": "delete_requesterranking", "name": "Can delete requester ranking", "content_type": 46}, "model": "auth.permission", "pk": 138}, {"fields": {"codename": "add_modulerating", "name": "Can add module rating", "content_type": 47}, "model": "auth.permission", "pk": 139}, {"fields": {"codename": "change_modulerating", "name": "Can change module rating", "content_type": 47}, "model": "auth.permission", "pk": 140}, {"fields": {"codename": "delete_modulerating", "name": "Can delete module rating", "content_type": 47}, "model": "auth.permission", "pk": 141}, {"fields": {"codename": "add_modulereview", "name": "Can add module review", "content_type": 48}, "model": "auth.permission", "pk": 142}, {"fields": {"codename": "change_modulereview", "name": "Can change module review", "content_type": 48}, "model": "auth.permission", "pk": 143}, {"fields": {"codename": "delete_modulereview", "name": "Can delete module review", "content_type": 48}, "model": "auth.permission", "pk": 144}, {"fields": {"codename": "add_flowmodel", "name": "Can add flow model", "content_type": 49}, "model": "auth.permission", "pk": 145}, {"fields": {"codename": "change_flowmodel", "name": "Can change flow model", "content_type": 49}, "model": "auth.permission", "pk": 146}, {"fields": {"codename": "delete_flowmodel", "name": "Can delete flow model", "content_type": 49}, "model": "auth.permission", "pk": 147}, {"fields": {"codename": "add_accountmodel", "name": "Can add account model", "content_type": 50}, "model": "auth.permission", "pk": 148}, {"fields": {"codename": "change_accountmodel", "name": "Can change account model", "content_type": 50}, "model": "auth.permission", "pk": 149}, {"fields": {"codename": "delete_accountmodel", "name": "Can delete account model", "content_type": 50}, "model": "auth.permission", "pk": 150}, {"fields": {"codename": "add_credentialsmodel", "name": "Can add credentials model", "content_type": 51}, "model": "auth.permission", "pk": 151}, {"fields": {"codename": "change_credentialsmodel", "name": "Can change credentials model", "content_type": 51}, "model": "auth.permission", "pk": 152}, {"fields": {"codename": "delete_credentialsmodel", "name": "Can delete credentials model", "content_type": 51}, "model": "auth.permission", "pk": 153}, {"fields": {"codename": "add_temporaryflowmodel", "name": "Can add temporary flow model", "content_type": 52}, "model": "auth.permission", "pk": 154}, {"fields": {"codename": "change_temporaryflowmodel", "name": "Can change temporary flow model", "content_type": 52}, "model": "auth.permission", "pk": 155}, {"fields": {"codename": "delete_temporaryflowmodel", "name": "Can delete temporary flow model", "content_type": 52}, "model": "auth.permission", "pk": 156}, {"fields": {"codename": "add_bookmarkedprojects", "name": "Can add bookmarked projects", "content_type": 53}, "model": "auth.permission", "pk": 157}, {"fields": {"codename": "change_bookmarkedprojects", "name": "Can change bookmarked projects", "content_type": 53}, "model": "auth.permission", "pk": 158}, {"fields": {"codename": "delete_bookmarkedprojects", "name": "Can delete bookmarked projects", "content_type": 53}, "model": "auth.permission", "pk": 159}, {"fields": {"codename": "add_conversation", "name": "Can add conversation", "content_type": 54}, "model": "auth.permission", "pk": 160}, {"fields": {"codename": "change_conversation", "name": "Can change conversation", "content_type": 54}, "model": "auth.permission", "pk": 161}, {"fields": {"codename": "delete_conversation", "name": "Can delete conversation", "content_type": 54}, "model": "auth.permission", "pk": 162}, {"fields": {"codename": "add_message", "name": "Can add message", "content_type": 55}, "model": "auth.permission", "pk": 163}, {"fields": {"codename": "change_message", "name": "Can change message", "content_type": 55}, "model": "auth.permission", "pk": 164}, {"fields": {"codename": "delete_message", "name": "Can delete message", "content_type": 55}, "model": "auth.permission", "pk": 165}, {"fields": {"codename": "add_conversationrecipient", "name": "Can add conversation recipient", "content_type": 56}, "model": "auth.permission", "pk": 166}, {"fields": {"codename": "change_conversationrecipient", "name": "Can change conversation recipient", "content_type": 56}, "model": "auth.permission", "pk": 167}, {"fields": {"codename": "delete_conversationrecipient", "name": "Can delete conversation recipient", "content_type": 56}, "model": "auth.permission", "pk": 168}, {"fields": {"codename": "add_usermessage", "name": "Can add user message", "content_type": 57}, "model": "auth.permission", "pk": 169}, {"fields": {"codename": "change_usermessage", "name": "Can change user message", "content_type": 57}, "model": "auth.permission", "pk": 170}, {"fields": {"codename": "delete_usermessage", "name": "Can delete user message", "content_type": 57}, "model": "auth.permission", "pk": 171}, {"fields": {"codename": "add_requesterinputfile", "name": "Can add requester input file", "content_type": 58}, "model": "auth.permission", "pk": 172}, {"fields": {"codename": "change_requesterinputfile", "name": "Can change requester input file", "content_type": 58}, "model": "auth.permission", "pk": 173}, {"fields": {"codename": "delete_requesterinputfile", "name": "Can delete requester input file", "content_type": 58}, "model": "auth.permission", "pk": 174}, {"fields": {"codename": "add_workerrequesterrating", "name": "Can add worker requester rating", "content_type": 59}, "model": "auth.permission", "pk": 175}, {"fields": {"codename": "change_workerrequesterrating", "name": "Can change worker requester rating", "content_type": 59}, "model": "auth.permission", "pk": 176}, {"fields": {"codename": "delete_workerrequesterrating", "name": "Can delete worker requester rating", "content_type": 59}, "model": "auth.permission", "pk": 177}, {"fields": {"codename": "add_comment", "name": "Can add comment", "content_type": 60}, "model": "auth.permission", "pk": 178}, {"fields": {"codename": "change_comment", "name": "Can change comment", "content_type": 60}, "model": "auth.permission", "pk": 179}, {"fields": {"codename": "delete_comment", "name": "Can delete comment", "content_type": 60}, "model": "auth.permission", "pk": 180}, {"fields": {"codename": "add_modulecomment", "name": "Can add module comment", "content_type": 61}, "model": "auth.permission", "pk": 181}, {"fields": {"codename": "change_modulecomment", "name": "Can change module comment", "content_type": 61}, "model": "auth.permission", "pk": 182}, {"fields": {"codename": "delete_modulecomment", "name": "Can delete module comment", "content_type": 61}, "model": "auth.permission", "pk": 183}, {"fields": {"codename": "add_taskcomment", "name": "Can add task comment", "content_type": 62}, "model": "auth.permission", "pk": 184}, {"fields": {"codename": "change_taskcomment", "name": "Can change task comment", "content_type": 62}, "model": "auth.permission", "pk": 185}, {"fields": {"codename": "delete_taskcomment", "name": "Can delete task comment", "content_type": 62}, "model": "auth.permission", "pk": 186}, {"fields": {"username": "adam.g", "first_name": "Adam", "last_name": "G", "is_active": true, "is_superuser": false, "is_staff": false, "last_login": "2015-08-25T07:31:29.047Z", "groups": [], "user_permissions": [], "password": "pbkdf2_sha256$20000$dpeeh1lu58yx$8rbGTsimWkrEPltlW1jNHN4gjPaVGYuN10hknwAtU4U=", "email": "ag@gmail.com", "date_joined": "2015-08-25T07:31:13.778Z"}, "model": "auth.user", "pk": 1}, {"fields": {"username": "rohit.n", "first_name": "Rohit", "last_name": "N", "is_active": true, "is_superuser": false, "is_staff": false, "last_login": "2015-08-25T07:35:39.026Z", "groups": [], "user_permissions": [], "password": "pbkdf2_sha256$20000$21xuySooGcwC$sYO6x1xs1VakOEwhytLBtRhVs1avtNsE09+zS+txNGo=", "email": "rn@gmail.com", "date_joined": "2015-08-25T07:31:26.263Z"}, "model": "auth.user", "pk": 2}, {"fields": {"username": "durim.m", "first_name": "Durim", "last_name": "M", "is_active": true, "is_superuser": false, "is_staff": false, "last_login": "2015-08-25T07:34:18.907Z", "groups": [], "user_permissions": [], "password": "pbkdf2_sha256$20000$I84TN6YatGft$BrsuJEQnmkonf8mgQ2lhcaHp8fjAt371vCGhirhtLLQ=", "email": "dm@gmail.com", "date_joined": "2015-08-25T07:34:12.719Z"}, "model": "auth.user", "pk": 3}, {"fields": {"picture": null, "verified": false, "deleted": false, "gender": "", "birthday": null, "user": 1, "address": null, "created_timestamp": "2015-08-25T07:31:13.895Z", "last_updated": "2015-08-25T07:31:13.895Z"}, "model": "crowdsourcing.userprofile", "pk": 1}, {"fields": {"picture": null, "verified": false, "deleted": false, "gender": "", "birthday": null, "user": 2, "address": null, "created_timestamp": "2015-08-25T07:31:26.370Z", "last_updated": "2015-08-25T07:31:26.370Z"}, "model": "crowdsourcing.userprofile", "pk": 2}, {"fields": {"picture": null, "verified": false, "deleted": false, "gender": "", "birthday": null, "user": 3, "address": null, "created_timestamp": "2015-08-25T07:34:12.837Z", "last_updated": "2015-08-25T07:34:12.837Z"}, "model": "crowdsourcing.userprofile", "pk": 3}]