[
  {
    "fields": {
      "created_timestamp": "2015-05-01T00:17:40.085Z", 
      "activation_key": "qwer", 
      "last_updated": "2015-05-01T00:17:40.085Z", 
      "user": "1"
    }, 
    "model": "crowdsourcing.registrationmodel", 
    "pk": 0
  }, 
  {
    "fields": {
      "created_timestamp": "2015-05-01T00:17:40.085Z", 
      "activation_key": "assd", 
      "last_updated": "2015-05-01T00:17:40.085Z", 
      "user": "2"
    }, 
    "model": "crowdsourcing.registrationmodel", 
    "pk": 1
  }, 
  {
    "fields": {
      "created_timestamp": "2015-05-01T00:17:40.085Z", 
      "activation_key": "zxcv", 
      "last_updated": "2015-05-01T00:17:40.085Z", 
      "user": "3"
    }, 
    "model": "crowdsourcing.registrationmodel", 
    "pk": 2
  }, 
  {
    "fields": {
      "created_timestamp": "2015-05-01T00:17:40.085Z", 
      "activation_key": "rtyu", 
      "last_updated": "2015-05-01T00:17:40.085Z", 
      "user": "4"
    }, 
    "model": "crowdsourcing.registrationmodel", 
    "pk": 3
  }, 
  {
    "fields": {
      "created_timestamp": "2015-05-01T00:17:40.085Z", 
      "activation_key": "fghj", 
      "last_updated": "2015-05-01T00:17:40.085Z", 
      "user": "0"
    }, 
    "model": "crowdsourcing.registrationmodel", 
    "pk": 4
  }, 
  {
    "fields": {
      "created_timestamp": "2015-05-01T00:17:40.085Z", 
      "last_updated": "2015-05-01T00:17:40.085Z", 
      "reset_key": "qwer", 
      "user": "1"
    }, 
    "model": "crowdsourcing.passwordresetmodel", 
    "pk": 0
  }, 
  {
    "fields": {
      "created_timestamp": "2015-05-01T00:17:40.085Z", 
      "last_updated": "2015-05-01T00:17:40.085Z", 
      "reset_key": "assd", 
      "user": "2"
    }, 
    "model": "crowdsourcing.passwordresetmodel", 
    "pk": 1
  }, 
  {
    "fields": {
      "created_timestamp": "2015-05-01T00:17:40.085Z", 
      "last_updated": "2015-05-01T00:17:40.085Z", 
      "reset_key": "zxcv", 
      "user": "3"
    }, 
    "model": "crowdsourcing.passwordresetmodel", 
    "pk": 2
  }, 
  {
    "fields": {
      "created_timestamp": "2015-05-01T00:17:40.085Z", 
      "last_updated": "2015-05-01T00:17:40.085Z", 
      "reset_key": "rtyu", 
      "user": "4"
    }, 
    "model": "crowdsourcing.passwordresetmodel", 
    "pk": 3
  }, 
  {
    "fields": {
      "created_timestamp": "2015-05-01T00:17:40.085Z", 
      "last_updated": "2015-05-01T00:17:40.085Z", 
      "reset_key": "fghj", 
      "user": "0"
    }, 
    "model": "crowdsourcing.passwordresetmodel", 
    "pk": 4
  }, 
  {
    "fields": {
      "created_timestamp": "2015-05-01T00:17:40.085Z", 
      "code": "w1t5az", 
      "last_updated": "2015-05-01T00:17:40.085Z", 
      "name": "zone1"
    }, 
    "model": "crowdsourcing.region", 
    "pk": 0
  }, 
  {
    "fields": {
      "created_timestamp": "2015-05-01T00:17:40.085Z", 
      "code": "w2t5az", 
      "last_updated": "2015-05-01T00:17:40.085Z", 
      "name": "zone1"
    }, 
    "model": "crowdsourcing.region", 
    "pk": 1
  }, 
  {
    "fields": {
      "created_timestamp": "2015-05-01T00:17:40.085Z", 
      "code": "w3t5az", 
      "last_updated": "2015-05-01T00:17:40.085Z", 
      "name": "zone1"
    }, 
    "model": "crowdsourcing.region", 
    "pk": 2
  }, 
  {
    "fields": {
      "created_timestamp": "2015-05-01T00:17:40.085Z", 
      "code": "w4t5az", 
      "last_updated": "2015-05-01T00:17:40.085Z", 
      "name": "zone1"
    }, 
    "model": "crowdsourcing.region", 
    "pk": 3
  }, 
  {
    "fields": {
      "created_timestamp": "2015-05-01T00:17:40.085Z", 
      "code": "w5t5az", 
      "last_updated": "2015-05-01T00:17:40.085Z", 
      "name": "zone1"
    }, 
    "model": "crowdsourcing.region", 
    "pk": 4
  }, 
  {
    "fields": {
      "created_timestamp": "2015-05-01T00:17:40.085Z", 
      "region": "0", 
      "code": "44", 
      "last_updated": "2015-05-01T00:17:40.085Z", 
      "name": "u.k."
    }, 
    "model": "crowdsourcing.country", 
    "pk": 0
  }, 
  {
    "fields": {
      "created_timestamp": "2015-05-01T00:17:40.085Z", 
      "region": "1", 
      "code": "45", 
      "last_updated": "2015-05-01T00:17:40.085Z", 
      "name": "u.s."
    }, 
    "model": "crowdsourcing.country", 
    "pk": 1
  }, 
  {
    "fields": {
      "created_timestamp": "2015-05-01T00:17:40.085Z", 
      "region": "2", 
      "code": "46", 
      "last_updated": "2015-05-01T00:17:40.085Z", 
      "name": "u.s."
    }, 
    "model": "crowdsourcing.country", 
    "pk": 2
  }, 
  {
    "fields": {
      "created_timestamp": "2015-05-01T00:17:40.085Z", 
      "region": "3", 
      "code": "47", 
      "last_updated": "2015-05-01T00:17:40.085Z", 
      "name": "u.k."
    }, 
    "model": "crowdsourcing.country", 
    "pk": 3
  }, 
  {
    "fields": {
      "created_timestamp": "2015-05-01T00:17:40.085Z", 
      "region": "4", 
      "code": "48", 
      "last_updated": "2015-05-01T00:17:40.085Z", 
      "name": "u.k."
    }, 
    "model": "crowdsourcing.country", 
    "pk": 4
  }, 
  {
    "fields": {
      "created_timestamp": "2015-05-01T00:17:40.085Z", 
      "country": "0", 
      "last_updated": "2015-05-01T00:17:40.085Z", 
      "name": "london"
    }, 
    "model": "crowdsourcing.city", 
    "pk": 0
  }, 
  {
    "fields": {
      "created_timestamp": "2015-05-01T00:17:40.085Z", 
      "country": "1", 
      "last_updated": "2015-05-01T00:17:40.085Z", 
      "name": "alabama"
    }, 
    "model": "crowdsourcing.city", 
    "pk": 1
  }, 
  {
    "fields": {
      "created_timestamp": "2015-05-01T00:17:40.085Z", 
      "country": "2", 
      "last_updated": "2015-05-01T00:17:40.085Z", 
      "name": "california"
    }, 
    "model": "crowdsourcing.city", 
    "pk": 2
  }, 
  {
    "fields": {
      "created_timestamp": "2015-05-01T00:17:40.085Z", 
      "country": "3", 
      "last_updated": "2015-05-01T00:17:40.085Z", 
      "name": "bristol"
    }, 
    "model": "crowdsourcing.city", 
    "pk": 3
  }, 
  {
    "fields": {
      "created_timestamp": "2015-05-01T00:17:40.085Z", 
      "country": "4", 
      "last_updated": "2015-05-01T00:17:40.085Z", 
      "name": "edinburgh"
    }, 
    "model": "crowdsourcing.city", 
    "pk": 4
  }, 
  {
    "fields": {
      "created_timestamp": "2015-05-01T00:17:40.085Z", 
      "city": "0", 
      "street": "warrenstreet", 
      "last_updated": "2015-05-01T00:17:40.085Z", 
      "country": "0"
    }, 
    "model": "crowdsourcing.address", 
    "pk": 0
  }, 
  {
    "fields": {
      "created_timestamp": "2015-05-01T00:17:40.085Z", 
      "city": "1", 
      "street": "euston", 
      "last_updated": "2015-05-01T00:17:40.085Z", 
      "country": "1"
    }, 
    "model": "crowdsourcing.address", 
    "pk": 1
  }, 
  {
    "fields": {
      "created_timestamp": "2015-05-01T00:17:40.085Z", 
      "city": "2", 
      "street": "camden", 
      "last_updated": "2015-05-01T00:17:40.085Z", 
      "country": "2"
    }, 
    "model": "crowdsourcing.address", 
    "pk": 2
  }, 
  {
    "fields": {
      "created_timestamp": "2015-05-01T00:17:40.085Z", 
      "city": "3", 
      "street": "oxfordcircus", 
      "last_updated": "2015-05-01T00:17:40.085Z", 
      "country": "3"
    }, 
    "model": "crowdsourcing.address", 
    "pk": 3
  }, 
  {
    "fields": {
      "created_timestamp": "2015-05-01T00:17:40.085Z", 
      "city": "4", 
      "street": "westminster", 
      "last_updated": "2015-05-01T00:17:40.085Z", 
      "country": "4"
    }, 
    "model": "crowdsourcing.address", 
    "pk": 4
  }, 
  {
    "fields": {
      "deleted": "0", 
      "created_timestamp": "2015-05-01T00:17:40.085Z", 
      "last_updated": "2015-05-01T00:17:40.085Z", 
      "is_active": "1", 
      "name": "worker1"
    }, 
    "model": "crowdsourcing.role", 
    "pk": 0
  }, 
  {
    "fields": {
      "deleted": "0", 
      "created_timestamp": "2015-05-01T00:17:40.085Z", 
      "last_updated": "2015-05-01T00:17:40.085Z", 
      "is_active": "1", 
      "name": "worker2"
    }, 
    "model": "crowdsourcing.role", 
    "pk": 1
  }, 
  {
    "fields": {
      "deleted": "0", 
      "created_timestamp": "2015-05-01T00:17:40.085Z", 
      "last_updated": "2015-05-01T00:17:40.085Z", 
      "is_active": "0", 
      "name": "worker3"
    }, 
    "model": "crowdsourcing.role", 
    "pk": 2
  }, 
  {
    "fields": {
      "deleted": "0", 
      "created_timestamp": "2015-05-01T00:17:40.085Z", 
      "last_updated": "2015-05-01T00:17:40.085Z", 
      "is_active": "0", 
      "name": "worker4"
    }, 
    "model": "crowdsourcing.role", 
    "pk": 3
  }, 
  {
    "fields": {
      "deleted": "0", 
      "created_timestamp": "2015-05-01T00:17:40.085Z", 
      "last_updated": "2015-05-01T00:17:40.085Z", 
      "is_active": "1", 
      "name": "worker5"
    }, 
    "model": "crowdsourcing.role", 
    "pk": 4
  }, 
  {
    "fields": {
      "created_timestamp": "2015-05-01T00:17:40.085Z", 
      "iso_code": "eng_uk", 
      "last_updated": "2015-05-01T00:17:40.085Z", 
      "name": "english_UK"
    }, 
    "model": "crowdsourcing.language", 
    "pk": 0
  }, 
  {
    "fields": {
      "created_timestamp": "2015-05-01T00:17:40.085Z", 
      "iso_code": "eng_us", 
      "last_updated": "2015-05-01T00:17:40.085Z", 
      "name": "english_US"
    }, 
    "model": "crowdsourcing.language", 
    "pk": 1
  }, 
  {
    "fields": {
      "created_timestamp": "2015-05-01T00:17:40.085Z", 
      "iso_code": "hin", 
      "last_updated": "2015-05-01T00:17:40.085Z", 
      "name": "hindi"
    }, 
    "model": "crowdsourcing.language", 
    "pk": 2
  }, 
  {
    "fields": {
      "created_timestamp": "2015-05-01T00:17:40.085Z", 
      "iso_code": "eng_aus", 
      "last_updated": "2015-05-01T00:17:40.085Z", 
      "name": "english_AUS"
    }, 
    "model": "crowdsourcing.language", 
    "pk": 3
  }, 
  {
    "fields": {
      "created_timestamp": "2015-05-01T00:17:40.085Z", 
      "iso_code": "ger", 
      "last_updated": "2015-05-01T00:17:40.085Z", 
      "name": "german"
    }, 
    "model": "crowdsourcing.language", 
    "pk": 4
  }, 
  {
    "fields": {
      "last_updated": "2015-05-01T00:17:40.085Z", 
      "user": "1", 
      "language": "0"
    }, 
    "model": "crowdsourcing.userlanguage", 
    "pk": 0
  }, 
  {
    "fields": {
      "last_updated": "2015-05-01T00:17:40.085Z", 
      "user": "2", 
      "language": "1"
    }, 
    "model": "crowdsourcing.userlanguage", 
    "pk": 1
  }, 
  {
    "fields": {
      "last_updated": "2015-05-01T00:17:40.085Z", 
      "user": "3", 
      "language": "2"
    }, 
    "model": "crowdsourcing.userlanguage", 
    "pk": 2
  }, 
  {
    "fields": {
      "last_updated": "2015-05-01T00:17:40.085Z", 
      "user": "4", 
      "language": "3"
    }, 
    "model": "crowdsourcing.userlanguage", 
    "pk": 3
  }, 
  {
    "fields": {
      "last_updated": "2015-05-01T00:17:40.085Z", 
      "user": "0", 
      "language": "4"
    }, 
    "model": "crowdsourcing.userlanguage", 
    "pk": 4
  }, 
  {
    "fields": {
      "picture": "null", 
      "last_updated": "2015-05-01T00:17:40.085Z", 
      "deleted": "True", 
      "gender": "F", 
      "birthday": "1991-05-01", 
      "user": "1", 
      "address": "0", 
      "created_timestamp": "2015-05-01T00:17:40.085Z", 
      "verified": "False"
    }, 
    "model": "crowdsourcing.userprofile", 
    "pk": 0
  }, 
  {
    "fields": {
      "picture": "null", 
      "last_updated": "2015-05-01T00:17:40.085Z", 
      "deleted": "True", 
      "gender": "M", 
      "birthday": "1991-05-01", 
      "user": "2", 
      "address": "1", 
      "created_timestamp": "2015-05-01T00:17:40.085Z", 
      "verified": "False"
    }, 
    "model": "crowdsourcing.userprofile", 
    "pk": 1
  }, 
  {
    "fields": {
      "picture": "null", 
      "last_updated": "2015-05-01T00:17:40.085Z", 
      "deleted": "True", 
      "gender": "F", 
      "birthday": "1991-05-01", 
      "user": "3", 
      "address": "2", 
      "created_timestamp": "2015-05-01T00:17:40.085Z", 
      "verified": "False"
    }, 
    "model": "crowdsourcing.userprofile", 
    "pk": 2
  }, 
  {
    "fields": {
      "picture": "null", 
      "last_updated": "2015-05-01T00:17:40.085Z", 
      "deleted": "True", 
      "gender": "M", 
      "birthday": "1991-05-01", 
      "user": "4", 
      "address": "3", 
      "created_timestamp": "2015-05-01T00:17:40.085Z", 
      "verified": "False"
    }, 
    "model": "crowdsourcing.userprofile", 
    "pk": 3
  }, 
  {
    "fields": {
      "picture": "null", 
      "last_updated": "2015-05-01T00:17:40.085Z", 
      "deleted": "True", 
      "gender": "F", 
      "birthday": "1991-05-01", 
      "user": "0", 
      "address": "4", 
      "created_timestamp": "2015-05-01T00:17:40.085Z", 
      "verified": "False"
    }, 
    "model": "crowdsourcing.userprofile", 
    "pk": 4
  }, 
  {
    "fields": {
      "created_timestamp": "2015-05-01T00:17:40.085Z", 
      "country": "0", 
      "last_updated": "2015-05-01T00:17:40.085Z", 
      "user": "1"
    }, 
    "model": "crowdsourcing.usercountry", 
    "pk": 0
  }, 
  {
    "fields": {
      "created_timestamp": "2015-05-01T00:17:40.085Z", 
      "country": "1", 
      "last_updated": "2015-05-01T00:17:40.085Z", 
      "user": "2"
    }, 
    "model": "crowdsourcing.usercountry", 
    "pk": 1
  }, 
  {
    "fields": {
      "created_timestamp": "2015-05-01T00:17:40.085Z", 
      "country": "2", 
      "last_updated": "2015-05-01T00:17:40.085Z", 
      "user": "3"
    }, 
    "model": "crowdsourcing.usercountry", 
    "pk": 2
  }, 
  {
    "fields": {
      "created_timestamp": "2015-05-01T00:17:40.085Z", 
      "country": "3", 
      "last_updated": "2015-05-01T00:17:40.085Z", 
      "user": "4"
    }, 
    "model": "crowdsourcing.usercountry", 
    "pk": 3
  }, 
  {
    "fields": {
      "created_timestamp": "2015-05-01T00:17:40.085Z", 
      "country": "4", 
      "last_updated": "2015-05-01T00:17:40.085Z", 
      "user": "0"
    }, 
    "model": "crowdsourcing.usercountry", 
    "pk": 4
  }, 
  {
    "fields": {
      "created_timestamp": "2015-05-01T00:17:40.085Z", 
      "last_updated": "2015-05-01T00:17:40.085Z", 
      "role": "0", 
      "user_profile": "0"
    }, 
    "model": "crowdsourcing.userrole", 
    "pk": 0
  }, 
  {
    "fields": {
      "created_timestamp": "2015-05-01T00:17:40.085Z", 
      "last_updated": "2015-05-01T00:17:40.085Z", 
      "role": "1", 
      "user_profile": "1"
    }, 
    "model": "crowdsourcing.userrole", 
    "pk": 1
  }, 
  {
    "fields": {
      "created_timestamp": "2015-05-01T00:17:40.085Z", 
      "last_updated": "2015-05-01T00:17:40.085Z", 
      "role": "2", 
      "user_profile": "2"
    }, 
    "model": "crowdsourcing.userrole", 
    "pk": 2
  }, 
  {
    "fields": {
      "created_timestamp": "2015-05-01T00:17:40.085Z", 
      "last_updated": "2015-05-01T00:17:40.085Z", 
      "role": "3", 
      "user_profile": "3"
    }, 
    "model": "crowdsourcing.userrole", 
    "pk": 3
  }, 
  {
    "fields": {
      "created_timestamp": "2015-05-01T00:17:40.085Z", 
      "last_updated": "2015-05-01T00:17:40.085Z", 
      "role": "4", 
      "user_profile": "4"
    }, 
    "model": "crowdsourcing.userrole", 
    "pk": 4
  }, 
  {
    "fields": {
      "last_updated": "2015-05-01T00:17:40.085Z", 
      "name": "writer", 
      "deleted": "0", 
      "created_timestamp": "2015-05-01T00:17:40.085Z", 
      "verified": "True", 
      "description": "fluentInEnglish"
    }, 
    "model": "crowdsourcing.skill", 
    "pk": 0
  }, 
  {
    "fields": {
      "last_updated": "2015-05-01T00:17:40.085Z", 
      "name": "programming", 
      "deleted": "0", 
      "created_timestamp": "2015-05-01T00:17:40.085Z", 
      "verified": "True", 
      "description": "c"
    }, 
    "model": "crowdsourcing.skill", 
    "pk": 1
  }, 
  {
    "fields": {
      "last_updated": "2015-05-01T00:17:40.085Z", 
      "name": "writer", 
      "deleted": "0", 
      "created_timestamp": "2015-05-01T00:17:40.085Z", 
      "verified": "False", 
      "description": "fluentInEnglish"
    }, 
    "model": "crowdsourcing.skill", 
    "pk": 2
  }, 
  {
    "fields": {
      "last_updated": "2015-05-01T00:17:40.085Z", 
      "name": "programming", 
      "deleted": "0", 
      "created_timestamp": "2015-05-01T00:17:40.085Z", 
      "verified": "True", 
      "description": "c"
    }, 
    "model": "crowdsourcing.skill", 
    "pk": 3
  }, 
  {
    "fields": {
      "last_updated": "2015-05-01T00:17:40.085Z", 
      "name": "programming", 
      "deleted": "0", 
      "created_timestamp": "2015-05-01T00:17:40.085Z", 
      "verified": "False", 
      "description": "java"
    }, 
    "model": "crowdsourcing.skill", 
    "pk": 4
  }, 
  {
    "fields": {
      "deleted": "0", 
      "created_timestamp": "2015-05-01T00:17:40.085Z", 
      "last_updated": "2015-05-01T00:17:40.085Z", 
      "name": "Image"
    }, 
    "model": "crowdsourcing.category", 
    "pk": 0
  }, 
  {
    "fields": {
      "deleted": "0", 
      "created_timestamp": "2015-05-01T00:17:40.085Z", 
      "last_updated": "2015-05-01T00:17:40.085Z", 
      "name": "Writing"
    }, 
    "model": "crowdsourcing.category", 
    "pk": 1
  }, 
  {
    "fields": {
      "deleted": "0", 
      "created_timestamp": "2015-05-01T00:17:40.085Z", 
      "last_updated": "2015-05-01T00:17:40.085Z", 
      "name": "Coding"
    }, 
    "model": "crowdsourcing.category", 
    "pk": 2
  }, 
  {
    "fields": {
      "deleted": "0", 
      "created_timestamp": "2015-05-01T00:17:40.085Z", 
      "last_updated": "2015-05-01T00:17:40.085Z", 
      "name": "DataLabel"
    }, 
    "model": "crowdsourcing.category", 
    "pk": 3
  }, 
  {
    "fields": {
      "deleted": "0", 
      "created_timestamp": "2015-05-01T00:17:40.085Z", 
      "last_updated": "2015-05-01T00:17:40.085Z", 
      "name": "QualityCheck"
    }, 
    "model": "crowdsourcing.category", 
    "pk": 4
  }, 
  {
    "fields": {
      "last_updated": "2015-05-01T00:17:40.085Z", 
      "name": "proj01", 
      "deleted": "0", 
      "created_timestamp": "2015-05-01T00:17:40.085Z", 
      "deadline": "2015-07-01", 
      "keywords": "poem"
    }, 
    "model": "crowdsourcing.project", 
    "pk": 0
  }, 
  {
    "fields": {
      "last_updated": "2015-05-01T00:17:40.085Z", 
      "name": "proj02", 
      "deleted": "0", 
      "created_timestamp": "2015-05-01T00:17:40.085Z", 
      "deadline": "2015-07-01", 
      "keywords": "java"
    }, 
    "model": "crowdsourcing.project", 
    "pk": 1
  }, 
  {
    "fields": {
      "last_updated": "2015-05-01T00:17:40.085Z", 
      "name": "proj03", 
      "deleted": "0", 
      "created_timestamp": "2015-05-01T00:17:40.085Z", 
      "deadline": "2015-07-01", 
      "keywords": "news"
    }, 
    "model": "crowdsourcing.project", 
    "pk": 2
  }, 
  {
    "fields": {
      "last_updated": "2015-05-01T00:17:40.085Z", 
      "name": "proj04", 
      "deleted": "0", 
      "created_timestamp": "2015-05-01T00:17:40.085Z", 
      "deadline": "2015-07-01", 
      "keywords": "java"
    }, 
    "model": "crowdsourcing.project", 
    "pk": 3
  }, 
  {
    "fields": {
      "last_updated": "2015-05-01T00:17:40.085Z", 
      "name": "proj05", 
      "deleted": "0", 
      "created_timestamp": "2015-05-01T00:17:40.085Z", 
      "deadline": "2015-07-01", 
      "keywords": "android"
    }, 
    "model": "crowdsourcing.project", 
    "pk": 4
  }, 
  {
    "fields": {
      "project": "0", 
      "category": "0", 
      "created_timestamp": "2015-05-01T00:17:40.085Z", 
      "last_updated": "2015-05-01T00:17:40.085Z"
    }, 
    "model": "crowdsourcing.projectcategory", 
    "pk": 0
  }, 
  {
    "fields": {
      "project": "1", 
      "category": "1", 
      "created_timestamp": "2015-05-01T00:17:40.085Z", 
      "last_updated": "2015-05-01T00:17:40.085Z"
    }, 
    "model": "crowdsourcing.projectcategory", 
    "pk": 1
  }, 
  {
    "fields": {
      "project": "2", 
      "category": "2", 
      "created_timestamp": "2015-05-01T00:17:40.085Z", 
      "last_updated": "2015-05-01T00:17:40.085Z"
    }, 
    "model": "crowdsourcing.projectcategory", 
    "pk": 2
  }, 
  {
    "fields": {
      "project": "3", 
      "category": "3", 
      "created_timestamp": "2015-05-01T00:17:40.085Z", 
      "last_updated": "2015-05-01T00:17:40.085Z"
    }, 
    "model": "crowdsourcing.projectcategory", 
    "pk": 3
  }, 
  {
    "fields": {
      "project": "4", 
      "category": "4", 
      "created_timestamp": "2015-05-01T00:17:40.085Z", 
      "last_updated": "2015-05-01T00:17:40.085Z"
    }, 
    "model": "crowdsourcing.projectcategory", 
    "pk": 4
  }, 
  {
    "fields": {
      "profile": "0"
    }, 
    "model": "crowdsourcing.requester", 
    "pk": 0
  }, 
  {
    "fields": {
      "profile": "1"
    }, 
    "model": "crowdsourcing.requester", 
    "pk": 1
  }, 
  {
    "fields": {
      "profile": "2"
    }, 
    "model": "crowdsourcing.requester", 
    "pk": 2
  }, 
  {
    "fields": {
      "profile": "3"
    }, 
    "model": "crowdsourcing.requester", 
    "pk": 3
  }, 
  {
    "fields": {
      "profile": "4"
    }, 
    "model": "crowdsourcing.requester", 
    "pk": 4
  }, 
  {
    "fields": {
      "status": "1", 
      "last_updated": "2015-05-01T00:17:40.085Z", 
      "name": "mod01", 
      "deleted": "0", 
      "price": "50", 
      "project": "0", 
      "created_timestamp": "2015-05-01T00:17:40.085Z", 
      "module_timeout": "0", 
      "owner": "0", 
      "repetition": "0", 
      "description": "para1"
    }, 
    "model": "crowdsourcing.module", 
    "pk": 0
  }, 
  {
    "fields": {
      "status": "2", 
      "last_updated": "2015-05-01T00:17:40.085Z", 
      "name": "mod02", 
      "deleted": "0", 
      "price": "100", 
      "project": "1", 
      "created_timestamp": "2015-05-01T00:17:40.085Z", 
      "module_timeout": "0", 
      "owner": "1", 
      "repetition": "0", 
      "description": "userreq"
    }, 
    "model": "crowdsourcing.module", 
    "pk": 1
  }, 
  {
    "fields": {
      "status": "3", 
      "last_updated": "2015-05-01T00:17:40.085Z", 
      "name": "mod03", 
      "deleted": "0", 
      "price": "50", 
      "project": "2", 
      "created_timestamp": "2015-05-01T00:17:40.085Z", 
      "module_timeout": "0", 
      "owner": "3", 
      "repetition": "0", 
      "description": "para2"
    }, 
    "model": "crowdsourcing.module", 
    "pk": 2
  }, 
  {
    "fields": {
      "status": "4", 
      "last_updated": "2015-05-01T00:17:40.085Z", 
      "name": "mod04", 
      "deleted": "0", 
      "price": "75", 
      "project": "3", 
      "created_timestamp": "2015-05-01T00:17:40.085Z", 
      "module_timeout": "0", 
      "owner": "3", 
      "repetition": "0", 
      "description": "testing"
    }, 
    "model": "crowdsourcing.module", 
    "pk": 3
  }, 
  {
    "fields": {
      "status": "1", 
      "last_updated": "2015-05-01T00:17:40.085Z", 
      "name": "mod05", 
      "deleted": "0", 
      "price": "100", 
      "project": "4", 
      "created_timestamp": "2015-05-01T00:17:40.085Z", 
      "module_timeout": "0", 
      "owner": "4", 
      "repetition": "0", 
      "description": "codedev"
    }, 
    "model": "crowdsourcing.module", 
    "pk": 4
  }, 
  {
    "fields": {
      "category": "0", 
      "created_timestamp": "2015-05-01T00:17:40.085Z", 
      "last_updated": "2015-05-01T00:17:40.085Z", 
      "module": "0"
    }, 
    "model": "crowdsourcing.modulecategory", 
    "pk": 0
  }, 
  {
    "fields": {
      "category": "1", 
      "created_timestamp": "2015-05-01T00:17:40.085Z", 
      "last_updated": "2015-05-01T00:17:40.085Z", 
      "module": "1"
    }, 
    "model": "crowdsourcing.modulecategory", 
    "pk": 1
  }, 
  {
    "fields": {
      "category": "2", 
      "created_timestamp": "2015-05-01T00:17:40.085Z", 
      "last_updated": "2015-05-01T00:17:40.085Z", 
      "module": "2"
    }, 
    "model": "crowdsourcing.modulecategory", 
    "pk": 2
  }, 
  {
    "fields": {
      "category": "3", 
      "created_timestamp": "2015-05-01T00:17:40.085Z", 
      "last_updated": "2015-05-01T00:17:40.085Z", 
      "module": "3"
    }, 
    "model": "crowdsourcing.modulecategory", 
    "pk": 3
  }, 
  {
    "fields": {
      "category": "4", 
      "created_timestamp": "2015-05-01T00:17:40.085Z", 
      "last_updated": "2015-05-01T00:17:40.085Z", 
      "module": "4"
    }, 
    "model": "crowdsourcing.modulecategory", 
    "pk": 4
  }, 
  {
    "fields": {
      "status": "1", 
      "deleted": "0", 
      "created_timestamp": "2015-05-01T00:17:40.085Z", 
      "last_updated": "2015-05-01T00:17:40.085Z", 
      "module": "0"
    }, 
    "model": "crowdsourcing.task", 
    "pk": 0
  }, 
  {
    "fields": {
      "status": "2", 
      "deleted": "0", 
      "created_timestamp": "2015-05-01T00:17:40.085Z", 
      "last_updated": "2015-05-01T00:17:40.085Z", 
      "module": "1"
    }, 
    "model": "crowdsourcing.task", 
    "pk": 1
  }, 
  {
    "fields": {
      "status": "3", 
      "deleted": "0", 
      "created_timestamp": "2015-05-01T00:17:40.085Z", 
      "last_updated": "2015-05-01T00:17:40.085Z", 
      "module": "2"
    }, 
    "model": "crowdsourcing.task", 
    "pk": 2
  }, 
  {
    "fields": {
      "status": "4", 
      "deleted": "0", 
      "created_timestamp": "2015-05-01T00:17:40.085Z", 
      "last_updated": "2015-05-01T00:17:40.085Z", 
      "module": "3"
    }, 
    "model": "crowdsourcing.task", 
    "pk": 3
  }, 
  {
    "fields": {
      "status": "1", 
      "deleted": "0", 
      "created_timestamp": "2015-05-01T00:17:40.085Z", 
      "last_updated": "2015-05-01T00:17:40.085Z", 
      "module": "4"
    }, 
    "model": "crowdsourcing.task", 
    "pk": 4
  }, 
  {
    "fields": {
      "iso_code": "gbp", 
      "last_updated": "2015-05-01T00:17:40.085Z", 
      "name": "poundsterling"
    }, 
    "model": "crowdsourcing.currency", 
    "pk": 0
  }, 
  {
    "fields": {
      "iso_code": "gbp", 
      "last_updated": "2015-05-01T00:17:40.085Z", 
      "name": "poundsterling"
    }, 
    "model": "crowdsourcing.currency", 
    "pk": 1
  }, 
  {
    "fields": {
      "iso_code": "gbp", 
      "last_updated": "2015-05-01T00:17:40.085Z", 
      "name": "poundsterling"
    }, 
    "model": "crowdsourcing.currency", 
    "pk": 2
  }, 
  {
    "fields": {
      "iso_code": "gbp", 
      "last_updated": "2015-05-01T00:17:40.085Z", 
      "name": "poundsterling"
    }, 
    "model": "crowdsourcing.currency", 
    "pk": 3
  }, 
  {
    "fields": {
      "iso_code": "gbp", 
      "last_updated": "2015-05-01T00:17:40.085Z", 
      "name": "poundsterling"
    }, 
    "model": "crowdsourcing.currency", 
    "pk": 4
  }, 
  {
    "fields": {
      "currency": "0", 
      "login_alerts": "0", 
      "last_updated": "2015-05-01T00:17:40.085Z", 
      "user": "1", 
      "language": "0"
    }, 
    "model": "crowdsourcing.userpreferences", 
    "pk": 0
  }, 
  {
    "fields": {
      "currency": "1", 
      "login_alerts": "0", 
      "last_updated": "2015-05-01T00:17:40.085Z", 
      "user": "2", 
      "language": "1"
    }, 
    "model": "crowdsourcing.userpreferences", 
    "pk": 1
  }, 
  {
    "fields": {
      "currency": "2", 
      "login_alerts": "1", 
      "last_updated": "2015-05-01T00:17:40.085Z", 
      "user": "3", 
      "language": "2"
    }, 
    "model": "crowdsourcing.userpreferences", 
    "pk": 2
  }, 
  {
    "fields": {
      "currency": "3", 
      "login_alerts": "1", 
      "last_updated": "2015-05-01T00:17:40.085Z", 
      "user": "4", 
      "language": "3"
    }, 
    "model": "crowdsourcing.userpreferences", 
    "pk": 3
  }, 
  {
    "fields": {
      "currency": "4", 
      "login_alerts": "0", 
      "last_updated": "2015-05-01T00:17:40.085Z", 
      "user": "5", 
      "language": "4"
    }, 
    "model": "crowdsourcing.userpreferences", 
    "pk": 4
  }, 
  {
    "fields": {
      "created_timestamp": "2015-05-01T00:17:40.085Z", 
      "author": "1", 
      "activity": "taskupdated"
    }, 
    "model": "crowdsourcing.activitylog", 
    "pk": 0
  }, 
  {
    "fields": {
      "created_timestamp": "2015-05-01T00:17:40.085Z", 
      "author": "2", 
      "activity": "taskcreated"
    }, 
    "model": "crowdsourcing.activitylog", 
    "pk": 1
  }, 
  {
    "fields": {
      "created_timestamp": "2015-05-01T00:17:40.085Z", 
      "author": "3", 
      "activity": "taskupdated"
    }, 
    "model": "crowdsourcing.activitylog", 
    "pk": 2
  }, 
  {
    "fields": {
      "created_timestamp": "2015-05-01T00:17:40.085Z", 
      "author": "4", 
      "activity": "taskcreated"
    }, 
    "model": "crowdsourcing.activitylog", 
    "pk": 3
  }, 
  {
    "fields": {
      "created_timestamp": "2015-05-01T00:17:40.085Z", 
      "author": "5", 
      "activity": "taskupdated"
    }, 
    "model": "crowdsourcing.activitylog", 
    "pk": 4
  }, 
  {
    "fields": {
      "created_timestamp": "2015-05-01T00:17:40.085Z", 
      "last_updated": "2015-05-01T00:17:40.085Z", 
      "type": "2", 
      "module": "0"
    }, 
    "model": "crowdsourcing.qualification", 
    "pk": 0
  }, 
  {
    "fields": {
      "created_timestamp": "2015-05-01T00:17:40.085Z", 
      "last_updated": "2015-05-01T00:17:40.085Z", 
      "type": "1", 
      "module": "1"
    }, 
    "model": "crowdsourcing.qualification", 
    "pk": 1
  }, 
  {
    "fields": {
      "created_timestamp": "2015-05-01T00:17:40.085Z", 
      "last_updated": "2015-05-01T00:17:40.085Z", 
      "type": "2", 
      "module": "2"
    }, 
    "model": "crowdsourcing.qualification", 
    "pk": 2
  }, 
  {
    "fields": {
      "created_timestamp": "2015-05-01T00:17:40.085Z", 
      "last_updated": "2015-05-01T00:17:40.085Z", 
      "type": "1", 
      "module": "3"
    }, 
    "model": "crowdsourcing.qualification", 
    "pk": 3
  }, 
  {
    "fields": {
      "created_timestamp": "2015-05-01T00:17:40.085Z", 
      "last_updated": "2015-05-01T00:17:40.085Z", 
      "type": "2", 
      "module": "4"
    }, 
    "model": "crowdsourcing.qualification", 
    "pk": 4
  }, 
  {
    "fields": {
      "last_updated": "2015-05-01T00:17:40.085Z", 
      "qualification": "0", 
      "attribute": "null", 
      "created_timestamp": "2015-05-01T00:17:40.085Z", 
      "value2": "", 
      "value1": "null", 
      "operator": ""
    }, 
    "model": "crowdsourcing.qualificationitem", 
    "pk": 0
  }, 
  {
    "fields": {
      "last_updated": "2015-05-01T00:17:40.085Z", 
      "qualification": "1", 
      "attribute": "null", 
      "created_timestamp": "2015-05-01T00:17:40.085Z", 
      "value2": "", 
      "value1": "null", 
      "operator": ""
    }, 
    "model": "crowdsourcing.qualificationitem", 
    "pk": 1
  }, 
  {
    "fields": {
      "last_updated": "2015-05-01T00:17:40.085Z", 
      "qualification": "2", 
      "attribute": "null", 
      "created_timestamp": "2015-05-01T00:17:40.085Z", 
      "value2": "", 
      "value1": "null", 
      "operator": ""
    }, 
    "model": "crowdsourcing.qualificationitem", 
    "pk": 2
  }, 
  {
    "fields": {
      "last_updated": "2015-05-01T00:17:40.085Z", 
      "qualification": "3", 
      "attribute": "null", 
      "created_timestamp": "2015-05-01T00:17:40.085Z", 
      "value2": "", 
      "value1": "null", 
      "operator": ""
    }, 
    "model": "crowdsourcing.qualificationitem", 
    "pk": 3
  }, 
  {
    "fields": {
      "last_updated": "2015-05-01T00:17:40.085Z", 
      "qualification": "4", 
      "attribute": "null", 
      "created_timestamp": "2015-05-01T00:17:40.085Z", 
      "value2": "", 
      "value1": "null", 
      "operator": ""
    }, 
    "model": "crowdsourcing.qualificationitem", 
    "pk": 4
  }, 
  {
    "fields": {
      "profile": "0"
    }, 
    "model": "crowdsourcing.worker", 
    "pk": 0
  }, 
  {
    "fields": {
      "profile": "1"
    }, 
    "model": "crowdsourcing.worker", 
    "pk": 1
  }, 
  {
    "fields": {
      "profile": "2"
    }, 
    "model": "crowdsourcing.worker", 
    "pk": 2
  }, 
  {
    "fields": {
      "profile": "3"
    }, 
    "model": "crowdsourcing.worker", 
    "pk": 3
  }, 
  {
    "fields": {
      "profile": "4"
    }, 
    "model": "crowdsourcing.worker", 
    "pk": 4
  }, 
  {
    "fields": {
      "verified": "True", 
      "level": "1", 
      "worker": "0", 
      "created_timestamp": "2015-05-01T00:17:40.085Z", 
      "last_updated": "2015-05-01T00:17:40.085Z", 
      "skill": "0"
    }, 
    "model": "crowdsourcing.workerskill", 
    "pk": 0
  }, 
  {
    "fields": {
      "verified": "True", 
      "level": "1", 
      "worker": "1", 
      "created_timestamp": "2015-05-01T00:17:40.085Z", 
      "last_updated": "2015-05-01T00:17:40.085Z", 
      "skill": "1"
    }, 
    "model": "crowdsourcing.workerskill", 
    "pk": 1
  }, 
  {
    "fields": {
      "verified": "True", 
      "level": "2", 
      "worker": "2", 
      "created_timestamp": "2015-05-01T00:17:40.085Z", 
      "last_updated": "2015-05-01T00:17:40.085Z", 
      "skill": "2"
    }, 
    "model": "crowdsourcing.workerskill", 
    "pk": 2
  }, 
  {
    "fields": {
      "verified": "True", 
      "level": "3", 
      "worker": "3", 
      "created_timestamp": "2015-05-01T00:17:40.085Z", 
      "last_updated": "2015-05-01T00:17:40.085Z", 
      "skill": "3"
    }, 
    "model": "crowdsourcing.workerskill", 
    "pk": 3
  }, 
  {
    "fields": {
      "verified": "True", 
      "level": "1", 
      "worker": "4", 
      "created_timestamp": "2015-05-01T00:17:40.085Z", 
      "last_updated": "2015-05-01T00:17:40.085Z", 
      "skill": "4"
    }, 
    "model": "crowdsourcing.workerskill", 
    "pk": 4
  }, 
  {
    "fields": {
      "created_timestamp": "2015-05-01T00:17:40.085Z", 
      "last_updated": "2015-05-01T00:17:40.085Z", 
      "task": "0", 
      "worker": "0"
    }, 
    "model": "crowdsourcing.taskworker", 
    "pk": 0
  }, 
  {
    "fields": {
      "created_timestamp": "2015-05-01T00:17:40.085Z", 
      "last_updated": "2015-05-01T00:17:40.085Z", 
      "task": "1", 
      "worker": "1"
    }, 
    "model": "crowdsourcing.taskworker", 
    "pk": 1
  }, 
  {
    "fields": {
      "created_timestamp": "2015-05-01T00:17:40.085Z", 
      "last_updated": "2015-05-01T00:17:40.085Z", 
      "task": "2", 
      "worker": "2"
    }, 
    "model": "crowdsourcing.taskworker", 
    "pk": 2
  }, 
  {
    "fields": {
      "created_timestamp": "2015-05-01T00:17:40.085Z", 
      "last_updated": "2015-05-01T00:17:40.085Z", 
      "task": "3", 
      "worker": "3"
    }, 
    "model": "crowdsourcing.taskworker", 
    "pk": 3
  }, 
  {
    "fields": {
      "created_timestamp": "2015-05-01T00:17:40.085Z", 
      "last_updated": "2015-05-01T00:17:40.085Z", 
      "task": "4", 
      "worker": "4"
    }, 
    "model": "crowdsourcing.taskworker", 
    "pk": 4
  }, 
  {
    "fields": {
      "last_updated": "2015-05-01T00:17:40.085Z", 
      "name": "tmp01", 
      "deleted": "0", 
      "created_timestamp": "2015-05-01T00:17:40.085Z", 
      "owner": "0", 
      "source_html": "null"
    }, 
    "model": "crowdsourcing.template", 
    "pk": 0
  }, 
  {
    "fields": {
      "last_updated": "2015-05-01T00:17:40.085Z", 
      "name": "tmp02", 
      "deleted": "0", 
      "created_timestamp": "2015-05-01T00:17:40.085Z", 
      "owner": "1", 
      "source_html": "null"
    }, 
    "model": "crowdsourcing.template", 
    "pk": 1
  }, 
  {
    "fields": {
      "last_updated": "2015-05-01T00:17:40.085Z", 
      "name": "tmp03", 
      "deleted": "0", 
      "created_timestamp": "2015-05-01T00:17:40.085Z", 
      "owner": "2", 
      "source_html": "null"
    }, 
    "model": "crowdsourcing.template", 
    "pk": 2
  }, 
  {
    "fields": {
      "last_updated": "2015-05-01T00:17:40.085Z", 
      "name": "tmp04", 
      "deleted": "0", 
      "created_timestamp": "2015-05-01T00:17:40.085Z", 
      "owner": "3", 
      "source_html": "null"
    }, 
    "model": "crowdsourcing.template", 
    "pk": 3
  }, 
  {
    "fields": {
      "last_updated": "2015-05-01T00:17:40.085Z", 
      "name": "tmp05", 
      "deleted": "0", 
      "created_timestamp": "2015-05-01T00:17:40.085Z", 
      "owner": "4", 
      "source_html": "null"
    }, 
    "model": "crowdsourcing.template", 
    "pk": 4
  }, 
  {
    "fields": {
      "deleted": "0", 
      "created_timestamp": "2015-05-01T00:17:40.085Z", 
      "last_updated": "2015-05-01T00:17:40.085Z", 
      "name": "itm01", 
      "template": "0"
    }, 
    "model": "crowdsourcing.templateitem", 
    "pk": 0
  }, 
  {
    "fields": {
      "deleted": "0", 
      "created_timestamp": "2015-05-01T00:17:40.085Z", 
      "last_updated": "2015-05-01T00:17:40.085Z", 
      "name": "itm02", 
      "template": "1"
    }, 
    "model": "crowdsourcing.templateitem", 
    "pk": 1
  }, 
  {
    "fields": {
      "deleted": "0", 
      "created_timestamp": "2015-05-01T00:17:40.085Z", 
      "last_updated": "2015-05-01T00:17:40.085Z", 
      "name": "itm03", 
      "template": "2"
    }, 
    "model": "crowdsourcing.templateitem", 
    "pk": 2
  }, 
  {
    "fields": {
      "deleted": "0", 
      "created_timestamp": "2015-05-01T00:17:40.085Z", 
      "last_updated": "2015-05-01T00:17:40.085Z", 
      "name": "itm04", 
      "template": "3"
    }, 
    "model": "crowdsourcing.templateitem", 
    "pk": 3
  }, 
  {
    "fields": {
      "deleted": "0", 
      "created_timestamp": "2015-05-01T00:17:40.085Z", 
      "last_updated": "2015-05-01T00:17:40.085Z", 
      "name": "itm05", 
      "template": "4"
    }, 
    "model": "crowdsourcing.templateitem", 
    "pk": 4
  }, 
  {
    "fields": {
      "status": "1", 
      "created_timestamp": "2015-05-01T00:17:40.085Z", 
      "task_worker": "0", 
      "last_updated": "2015-05-01T00:17:40.085Z", 
      "template_item": "0"
    }, 
    "model": "crowdsourcing.taskworkerresult", 
    "pk": 0
  }, 
  {
    "fields": {
      "status": "2", 
      "created_timestamp": "2015-05-01T00:17:40.085Z", 
      "task_worker": "1", 
      "last_updated": "2015-05-01T00:17:40.085Z", 
      "template_item": "1"
    }, 
    "model": "crowdsourcing.taskworkerresult", 
    "pk": 1
  }, 
  {
    "fields": {
      "status": "3", 
      "created_timestamp": "2015-05-01T00:17:40.085Z", 
      "task_worker": "2", 
      "last_updated": "2015-05-01T00:17:40.085Z", 
      "template_item": "2"
    }, 
    "model": "crowdsourcing.taskworkerresult", 
    "pk": 2
  }, 
  {
    "fields": {
      "status": "4", 
      "created_timestamp": "2015-05-01T00:17:40.085Z", 
      "task_worker": "3", 
      "last_updated": "2015-05-01T00:17:40.085Z", 
      "template_item": "3"
    }, 
    "model": "crowdsourcing.taskworkerresult", 
    "pk": 3
  }, 
  {
    "fields": {
      "status": "1", 
      "created_timestamp": "2015-05-01T00:17:40.085Z", 
      "task_worker": "4", 
      "last_updated": "2015-05-01T00:17:40.085Z", 
      "template_item": "4"
    }, 
    "model": "crowdsourcing.taskworkerresult", 
    "pk": 4
  }, 
  {
    "fields": {
      "status": "1", 
      "created_timestamp": "2015-05-01T00:17:40.085Z", 
      "last_updated": "2015-05-01T00:17:40.085Z", 
      "worker": "0", 
      "module": "0"
    }, 
    "model": "crowdsourcing.workermoduleapplication", 
    "pk": 0
  }, 
  {
    "fields": {
      "status": "2", 
      "created_timestamp": "2015-05-01T00:17:40.085Z", 
      "last_updated": "2015-05-01T00:17:40.085Z", 
      "worker": "1", 
      "module": "1"
    }, 
    "model": "crowdsourcing.workermoduleapplication", 
    "pk": 1
  }, 
  {
    "fields": {
      "status": "3", 
      "created_timestamp": "2015-05-01T00:17:40.085Z", 
      "last_updated": "2015-05-01T00:17:40.085Z", 
      "worker": "2", 
      "module": "2"
    }, 
    "model": "crowdsourcing.workermoduleapplication", 
    "pk": 2
  }, 
  {
    "fields": {
      "status": "2",
      "created_timestamp": "2015-05-01T00:17:40.085Z", 
      "last_updated": "2015-05-01T00:17:40.085Z", 
      "worker": "3", 
      "module": "3"
    }, 
    "model": "crowdsourcing.workermoduleapplication", 
    "pk": 3
  }, 
  {
    "fields": {
      "status": "1", 
      "created_timestamp": "2015-05-01T00:17:40.085Z", 
      "last_updated": "2015-05-01T00:17:40.085Z", 
      "worker": "4", 
      "module": "4"
    }, 
    "model": "crowdsourcing.workermoduleapplication", 
    "pk": 4
  }
]