[{"fields": {"model": "permission", "app_label": "auth"}, "model": "contenttypes.contenttype", "pk": 1}, {"fields": {"model": "group", "app_label": "auth"}, "model": "contenttypes.contenttype", "pk": 2}, {"fields": {"model": "user", "app_label": "auth"}, "model": "contenttypes.contenttype", "pk": 3}, {"fields": {"model": "contenttype", "app_label": "contenttypes"}, "model": "contenttypes.contenttype", "pk": 4}, {"fields": {"model": "session", "app_label": "sessions"}, "model": "contenttypes.contenttype", "pk": 5}, {"fields": {"model": "application", "app_label": "oauth2_provider"}, "model": "contenttypes.contenttype", "pk": 6}, {"fields": {"model": "grant", "app_label": "oauth2_provider"}, "model": "contenttypes.contenttype", "pk": 7}, {"fields": {"model": "accesstoken", "app_label": "oauth2_provider"}, "model": "contenttypes.contenttype", "pk": 8}, {"fields": {"model": "refreshtoken", "app_label": "oauth2_provider"}, "model": "contenttypes.contenttype", "pk": 9}, {"fields": {"model": "registrationmodel", "app_label": "crowdsourcing"}, "model": "contenttypes.contenttype", "pk": 10}, {"fields": {"model": "passwordresetmodel", "app_label": "crowdsourcing"}, "model": "contenttypes.contenttype", "pk": 11}, {"fields": {"model": "region", "app_label": "crowdsourcing"}, "model": "contenttypes.contenttype", "pk": 12}, {"fields": {"model": "country", "app_label": "crowdsourcing"}, "model": "contenttypes.contenttype", "pk": 13}, {"fields": {"model": "city", "app_label": "crowdsourcing"}, "model": "contenttypes.contenttype", "pk": 14}, {"fields": {"model": "address", "app_label": "crowdsourcing"}, "model": "contenttypes.contenttype", "pk": 15}, {"fields": {"model": "role", "app_label": "crowdsourcing"}, "model": "contenttypes.contenttype", "pk": 16}, {"fields": {"model": "language", "app_label": "crowdsourcing"}, "model": "contenttypes.contenttype", "pk": 17}, {"fields": {"model": "userprofile", "app_label": "crowdsourcing"}, "model": "contenttypes.contenttype", "pk": 18}, {"fields": {"model": "usercountry", "app_label": "crowdsourcing"}, "model": "contenttypes.contenttype", "pk": 19}, {"fields": {"model": "skill", "app_label": "crowdsourcing"}, "model": "contenttypes.contenttype", "pk": 20}, {"fields": {"model": "worker", "app_label": "crowdsourcing"}, "model": "contenttypes.contenttype", "pk": 21}, {"fields": {"model": "workerskill", "app_label": "crowdsourcing"}, "model": "contenttypes.contenttype", "pk": 22}, {"fields": {"model": "requester", "app_label": "crowdsourcing"}, "model": "contenttypes.contenttype", "pk": 23}, {"fields": {"model": "userrole", "app_label": "crowdsourcing"}, "model": "contenttypes.contenttype", "pk": 24}, {"fields": {"model": "friendship", "app_label": "crowdsourcing"}, "model": "contenttypes.contenttype", "pk": 25}, {"fields": {"model": "category", "app_label": "crowdsourcing"}, "model": "contenttypes.contenttype", "pk": 26}, {"fields": {"model": "project", "app_label": "crowdsourcing"}, "model": "contenttypes.contenttype", "pk": 27}, {"fields": {"model": "projectrequester", "app_label": "crowdsourcing"}, "model": "contenttypes.contenttype", "pk": 28}, {"fields": {"model": "template", "app_label": "crowdsourcing"}, "model": "contenttypes.contenttype", "pk": 29}, {"fields": {"model": "module", "app_label": "crowdsourcing"}, "model": "contenttypes.contenttype", "pk": 30}, {"fields": {"model": "modulecategory", "app_label": "crowdsourcing"}, "model": "contenttypes.contenttype", "pk": 31}, {"fields": {"model": "projectcategory", "app_label": "crowdsourcing"}, "model": "contenttypes.contenttype", "pk": 32}, {"fields": {"model": "templateitem", "app_label": "crowdsourcing"}, "model": "contenttypes.contenttype", "pk": 33}, {"fields": {"model": "moduletemplate", "app_label": "crowdsourcing"}, "model": "contenttypes.contenttype", "pk": 34}, {"fields": {"model": "templateitemproperties", "app_label": "crowdsourcing"}, "model": "contenttypes.contenttype", "pk": 35}, {"fields": {"model": "task", "app_label": "crowdsourcing"}, "model": "contenttypes.contenttype", "pk": 36}, {"fields": {"model": "taskworker", "app_label": "crowdsourcing"}, "model": "contenttypes.contenttype", "pk": 37}, {"fields": {"model": "taskworkerresult", "app_label": "crowdsourcing"}, "model": "contenttypes.contenttype", "pk": 38}, {"fields": {"model": "workermoduleapplication", "app_label": "crowdsourcing"}, "model": "contenttypes.contenttype", "pk": 39}, {"fields": {"model": "activitylog", "app_label": "crowdsourcing"}, "model": "contenttypes.contenttype", "pk": 40}, {"fields": {"model": "qualification", "app_label": "crowdsourcing"}, "model": "contenttypes.contenttype", "pk": 41}, {"fields": {"model": "qualificationitem", "app_label": "crowdsourcing"}, "model": "contenttypes.contenttype", "pk": 42}, {"fields": {"model": "userlanguage", "app_label": "crowdsourcing"}, "model": "contenttypes.contenttype", "pk": 43}, {"fields": {"model": "currency", "app_label": "crowdsourcing"}, "model": "contenttypes.contenttype", "pk": 44}, {"fields": {"model": "userpreferences", "app_label": "crowdsourcing"}, "model": "contenttypes.contenttype", "pk": 45}, {"fields": {"model": "requesterranking", "app_label": "crowdsourcing"}, "model": "contenttypes.contenttype", "pk": 46}, {"fields": {"model": "modulerating", "app_label": "crowdsourcing"}, "model": "contenttypes.contenttype", "pk": 47}, {"fields": {"model": "modulereview", "app_label": "crowdsourcing"}, "model": "contenttypes.contenttype", "pk": 48}, {"fields": {"model": "flowmodel", "app_label": "crowdsourcing"}, "model": "contenttypes.contenttype", "pk": 49}, {"fields": {"model": "accountmodel", "app_label": "crowdsourcing"}, "model": "contenttypes.contenttype", "pk": 50}, {"fields": {"model": "credentialsmodel", "app_label": "crowdsourcing"}, "model": "contenttypes.contenttype", "pk": 51}, {"fields": {"model": "temporaryflowmodel", "app_label": "crowdsourcing"}, "model": "contenttypes.contenttype", "pk": 52}, {"fields": {"model": "bookmarkedprojects", "app_label": "crowdsourcing"}, "model": "contenttypes.contenttype", "pk": 53}, {"fields": {"model": "conversation", "app_label": "crowdsourcing"}, "model": "contenttypes.contenttype", "pk": 54}, {"fields": {"model": "message", "app_label": "crowdsourcing"}, "model": "contenttypes.contenttype", "pk": 55}, {"fields": {"model": "conversationrecipient", "app_label": "crowdsourcing"}, "model": "contenttypes.contenttype", "pk": 56}, {"fields": {"model": "usermessage", "app_label": "crowdsourcing"}, "model": "contenttypes.contenttype", "pk": 57}, {"fields": {"model": "requesterinputfile", "app_label": "crowdsourcing"}, "model": "contenttypes.contenttype", "pk": 58}, {"fields": {"model": "workerrequesterrating", "app_label": "crowdsourcing"}, "model": "contenttypes.contenttype", "pk": 59}, {"fields": {"model": "comment", "app_label": "crowdsourcing"}, "model": "contenttypes.contenttype", "pk": 60}, {"fields": {"model": "modulecomment", "app_label": "crowdsourcing"}, "model": "contenttypes.contenttype", "pk": 61}, {"fields": {"model": "taskcomment", "app_label": "crowdsourcing"}, "model": "contenttypes.contenttype", "pk": 62}, {"fields": {"expire_date": "2015-09-08T05:41:42.781Z", "session_data": "YjUzMTY0N2FkYWIxYWFjOTQyNmMwZjRmZTgyNjBlOWQ1NDlmYzFjMTp7Il9hdXRoX3VzZXJfaGFzaCI6ImY3MWM1OGJmOWE4N2NhNTBjNDVmMDFjYWI3MzliMTJmZjkwMGE0NjciLCJfYXV0aF91c2VyX2JhY2tlbmQiOiJkamFuZ28uY29udHJpYi5hdXRoLmJhY2tlbmRzLk1vZGVsQmFja2VuZCIsIl9hdXRoX3VzZXJfaWQiOiIzIn0="}, "model": "sessions.session", "pk": "27bdd3ihn5aoh5ut9hvjkt3mp3pe30jc"}, {"fields": {"profile": 1, "deleted": false, "alias": "sfa.asdf"}, "model": "crowdsourcing.worker", "pk": 1}, {"fields": {"profile": 2, "deleted": false, "alias": "sdf.sdf"}, "model": "crowdsourcing.worker", "pk": 2}, {"fields": {"profile": 3, "deleted": false, "alias": "asd.as"}, "model": "crowdsourcing.worker", "pk": 3}, {"fields": {"profile": 1, "alias": "sfa.asdf"}, "model": "crowdsourcing.requester", "pk": 1}, {"fields": {"profile": 2, "alias": "sdf.sdf"}, "model": "crowdsourcing.requester", "pk": 2}, {"fields": {"profile": 3, "alias": "asd.as"}, "model": "crowdsourcing.requester", "pk": 3}, {"fields": {"deleted": false, "created_timestamp": "2015-05-01T00:17:40.085Z", "last_updated": "2015-05-01T00:17:40.085Z", "name": "Run an experiment", "parent": null}, "model": "crowdsourcing.category", "pk": 0}, {"fields": {"deleted": false, "created_timestamp": "2015-05-01T00:17:40.085Z", "last_updated": "2015-05-01T00:17:40.085Z", "name": "Translate a document", "parent": null}, "model": "crowdsourcing.category", "pk": 1}, {"fields": {"deleted": false, "created_timestamp": "2015-05-01T00:17:40.085Z", "last_updated": "2015-05-01T00:17:40.085Z", "name": "Create a website", "parent": null}, "model": "crowdsourcing.category", "pk": 2}, {"fields": {"deleted": false, "created_timestamp": "2015-05-01T00:17:40.085Z", "last_updated": "2015-05-01T00:17:40.085Z", "name": "Proofreading/editing", "parent": null}, "model": "crowdsourcing.category", "pk": 3}, {"fields": {"deleted": false, "created_timestamp": "2015-05-01T00:17:40.085Z", "last_updated": "2015-05-01T00:17:40.085Z", "name": "Transcribe text", "parent": null}, "model": "crowdsourcing.category", "pk": 4}, {"fields": {"deleted": false, "created_timestamp": "2015-05-01T00:17:40.085Z", "last_updated": "2015-05-01T00:17:40.085Z", "name": "Copywriting", "parent": null}, "model": "crowdsourcing.category", "pk": 5}, {"fields": {"deleted": false, "created_timestamp": "2015-05-01T00:17:40.085Z", "last_updated": "2015-05-01T00:17:40.085Z", "name": "Design", "parent": null}, "model": "crowdsourcing.category", "pk": 6}, {"fields": {"deleted": false, "created_timestamp": "2015-05-01T00:17:40.085Z", "last_updated": "2015-05-01T00:17:40.085Z", "name": "Other", "parent": null}, "model": "crowdsourcing.category", "pk": 7}, {"fields": {"save_to_drive": false, "last_updated": "2015-08-25T05:38:56.761Z", "description": "asd as fasd fa asdf a", "end_date": "2015-08-25T05:38:56.761Z", "deleted": false, "keywords": null, "created_timestamp": "2015-08-25T05:38:56.761Z", "owner": 2, "start_date": "2015-08-25T05:38:56.761Z", "name": "adsf asf a"}, "model": "crowdsourcing.project", "pk": 1}, {"fields": {"save_to_drive": false, "last_updated": "2015-08-25T05:40:26.207Z", "description": "3 sadjkhaj ka", "end_date": "2015-08-25T05:40:26.207Z", "deleted": false, "keywords": null, "created_timestamp": "2015-08-25T05:40:26.207Z", "owner": 1, "start_date": "2015-08-25T05:40:26.207Z", "name": "sfd safa"}, "model": "crowdsourcing.project", "pk": 2}, {"fields": {"save_to_drive": false, "last_updated": "2015-08-25T05:42:55.318Z", "description": "kljjklj jkjh", "end_date": "2015-08-25T05:42:55.318Z", "deleted": false, "keywords": null, "created_timestamp": "2015-08-25T05:42:55.318Z", "owner": 3, "start_date": "2015-08-25T05:42:55.318Z", "name": "ljklnl kjn"}, "model": "crowdsourcing.project", "pk": 3}, {"fields": {"share_with_others": false, "last_updated": "2015-08-25T05:38:56.883Z", "name": "template_7QiHsMru", "deleted": false, "price": 0.0, "created_timestamp": "2015-08-25T05:38:56.883Z", "owner": 2, "source_html": null}, "model": "crowdsourcing.template", "pk": 1}, {"fields": {"share_with_others": false, "last_updated": "2015-08-25T05:40:26.275Z", "name": "template_9FVrzWMZ", "deleted": false, "price": 0.0, "created_timestamp": "2015-08-25T05:40:26.275Z", "owner": 1, "source_html": null}, "model": "crowdsourcing.template", "pk": 2}, {"fields": {"share_with_others": false, "last_updated": "2015-08-25T05:42:55.409Z", "name": "template_89teI4gz", "deleted": false, "price": 0.0, "created_timestamp": "2015-08-25T05:42:55.409Z", "owner": 3, "source_html": null}, "model": "crowdsourcing.template", "pk": 3}, {"fields": {"status": 1, "data_set_location": "No data set", "last_updated": "2015-08-25T06:26:43.258Z", "name": "Prototype Task", "is_micro": true, "deleted": false, "price": 2.0, "feedback_permissions": 1, "has_data_set": true, "project": 1, "keywords": null, "created_timestamp": "2015-08-25T05:38:56.864Z", "task_time": 3.0, "module_timeout": 0, "owner": 2, "repetition": 3, "is_prototype": true, "allow_feedback": true, "min_rating": 0.966824711759259, "description": "this is a prototype task"}, "model": "crowdsourcing.module", "pk": 1}, {"fields": {"status": 1, "data_set_location": "No data set", "last_updated": "2015-08-25T06:26:43.241Z", "name": "Prototype Task", "is_micro": true, "deleted": false, "price": 2.0, "feedback_permissions": 1, "has_data_set": false, "project": 2, "keywords": null, "created_timestamp": "2015-08-25T05:40:26.255Z", "task_time": 3.0, "module_timeout": 0, "owner": 1, "repetition": 10, "is_prototype": true, "allow_feedback": true, "min_rating": 0.967859338483796, "description": "asjkdf 23lkj alk"}, "model": "crowdsourcing.module", "pk": 2}, {"fields": {"status": 1, "data_set_location": "No data set", "last_updated": "2015-08-25T05:42:55.369Z", "name": "Prototype Task", "is_micro": true, "deleted": false, "price": 4.0, "feedback_permissions": 1, "has_data_set": false, "project": 3, "keywords": null, "created_timestamp": "2015-08-25T05:42:55.369Z", "task_time": 2.0, "module_timeout": 0, "owner": 3, "repetition": 8, "is_prototype": true, "allow_feedback": true, "min_rating": 1.0, "description": "kfal all"}, "model": "crowdsourcing.module", "pk": 3}, {"fields": {"project": 1, "category": 2, "created_timestamp": "2015-08-25T05:38:56.822Z", "last_updated": "2015-08-25T05:38:56.822Z"}, "model": "crowdsourcing.projectcategory", "pk": 1}, {"fields": {"project": 2, "category": 0, "created_timestamp": "2015-08-25T05:40:26.229Z", "last_updated": "2015-08-25T05:40:26.229Z"}, "model": "crowdsourcing.projectcategory", "pk": 2}, {"fields": {"project": 3, "category": 3, "created_timestamp": "2015-08-25T05:42:55.338Z", "last_updated": "2015-08-25T05:42:55.338Z"}, "model": "crowdsourcing.projectcategory", "pk": 3}, {"fields": {"last_updated": "2015-08-25T05:38:56.922Z", "data_source": "label_1", "layout": "column", "name": "labelid1", "deleted": false, "values": "Label 1", "role": "display", "template": 1, "position": 1, "created_timestamp": "2015-08-25T05:38:56.922Z", "id_string": "id1", "type": "label", "sub_type": "h4", "icon": null}, "model": "crowdsourcing.templateitem", "pk": 1}, {"fields": {"last_updated": "2015-08-25T05:38:56.938Z", "data_source": "url_1", "layout": "column", "name": "labelid2", "deleted": false, "values": "Label 1", "role": "display", "template": 1, "position": 2, "created_timestamp": "2015-08-25T05:38:56.938Z", "id_string": "id2", "type": "label", "sub_type": "h4", "icon": null}, "model": "crowdsourcing.templateitem", "pk": 2}, {"fields": {"last_updated": "2015-08-25T05:38:56.948Z", "data_source": null, "layout": "column", "name": "text_field_placeholderid3", "deleted": false, "values": "Text placeholder", "role": "input", "template": 1, "position": 3, "created_timestamp": "2015-08-25T05:38:56.948Z", "id_string": "id3", "type": "text_field", "sub_type": "div", "icon": null}, "model": "crowdsourcing.templateitem", "pk": 3}, {"fields": {"last_updated": "2015-08-25T05:40:26.312Z", "data_source": null, "layout": "column", "name": "labelid1", "deleted": false, "values": "Do something", "role": "display", "template": 2, "position": 1, "created_timestamp": "2015-08-25T05:40:26.312Z", "id_string": "id1", "type": "label", "sub_type": "h4", "icon": null}, "model": "crowdsourcing.templateitem", "pk": 4}, {"fields": {"last_updated": "2015-08-25T05:40:26.328Z", "data_source": null, "layout": "column", "name": "select_controlid2", "deleted": false, "values": "Option 1", "role": "input", "template": 2, "position": 2, "created_timestamp": "2015-08-25T05:40:26.328Z", "id_string": "id2", "type": "checkbox", "sub_type": "div", "icon": null}, "model": "crowdsourcing.templateitem", "pk": 5}, {"fields": {"last_updated": "2015-08-25T05:42:55.445Z", "data_source": null, "layout": "column", "name": "labelid1", "deleted": false, "values": "Ronhi", "role": "display", "template": 3, "position": 1, "created_timestamp": "2015-08-25T05:42:55.445Z", "id_string": "id1", "type": "label", "sub_type": "h4", "icon": null}, "model": "crowdsourcing.templateitem", "pk": 6}, {"fields": {"last_updated": "2015-08-25T05:42:55.460Z", "data_source": null, "layout": "column", "name": "select_placeholderid2", "deleted": false, "values": "1,2,3,4", "role": "input", "template": 3, "position": 2, "created_timestamp": "2015-08-25T05:42:55.460Z", "id_string": "id2", "type": "select", "sub_type": "div", "icon": null}, "model": "crowdsourcing.templateitem", "pk": 7}, {"fields": {"template": 1, "module": 1}, "model": "crowdsourcing.moduletemplate", "pk": 1}, {"fields": {"template": 2, "module": 2}, "model": "crowdsourcing.moduletemplate", "pk": 2}, {"fields": {"template": 3, "module": 3}, "model": "crowdsourcing.moduletemplate", "pk": 3}, {"fields": {"status": 1, "last_updated": "2015-08-25T05:38:56.966Z", "deleted": false, "price": 0.0, "module": 1, "created_timestamp": "2015-08-25T05:38:56.966Z", "data": "{\"label_1\": \"What do you see at this url?\", \"url_1\": \"www.google.com\", \"input_1\": NaN}"}, "model": "crowdsourcing.task", "pk": 1}, {"fields": {"status": 1, "last_updated": "2015-08-25T05:38:56.973Z", "deleted": false, "price": 0.0, "module": 1, "created_timestamp": "2015-08-25T05:38:56.973Z", "data": "{\"label_1\": \"What do you see at this url?\", \"url_1\": \"www.yahoo.com\", \"input_1\": NaN}"}, "model": "crowdsourcing.task", "pk": 2}, {"fields": {"status": 1, "last_updated": "2015-08-25T05:38:56.985Z", "deleted": false, "price": 0.0, "module": 1, "created_timestamp": "2015-08-25T05:38:56.985Z", "data": "{\"label_1\": \"What do you see at this url?\", \"url_1\": \"www.facebook.com\", \"input_1\": NaN}"}, "model": "crowdsourcing.task", "pk": 3}, {"fields": {"status": 1, "last_updated": "2015-08-25T05:38:57.000Z", "deleted": false, "price": 0.0, "module": 1, "created_timestamp": "2015-08-25T05:38:57.000Z", "data": "{\"label_1\": \"What do you see at this url?\", \"url_1\": \"www.linkedin.com\", \"input_1\": NaN}"}, "model": "crowdsourcing.task", "pk": 4}, {"fields": {"status": 1, "last_updated": "2015-08-25T05:38:57.022Z", "deleted": false, "price": 0.0, "module": 1, "created_timestamp": "2015-08-25T05:38:57.022Z", "data": "{\"label_1\": \"What do you see at this url?\", \"url_1\": \"www.instagram.com\", \"input_1\": NaN}"}, "model": "crowdsourcing.task", "pk": 5}, {"fields": {"status": 1, "last_updated": "2015-08-25T05:38:57.039Z", "deleted": false, "price": 0.0, "module": 1, "created_timestamp": "2015-08-25T05:38:57.039Z", "data": "{\"label_1\": \"What do you see at this url?\", \"url_1\": \"www.wiki.com\", \"input_1\": NaN}"}, "model": "crowdsourcing.task", "pk": 6}, {"fields": {"status": 1, "last_updated": "2015-08-25T05:38:57.063Z", "deleted": false, "price": 0.0, "module": 1, "created_timestamp": "2015-08-25T05:38:57.063Z", "data": "{\"label_1\": \"What do you see at this url?\", \"url_1\": \"www.hoohaa.com\", \"input_1\": NaN}"}, "model": "crowdsourcing.task", "pk": 7}, {"fields": {"status": 1, "last_updated": "2015-08-25T05:40:26.349Z", "deleted": false, "price": 0.0, "module": 2, "created_timestamp": "2015-08-25T05:40:26.349Z", "data": "{'type': 'static'}"}, "model": "crowdsourcing.task", "pk": 8}, {"fields": {"status": 1, "last_updated": "2015-08-25T05:42:55.481Z", "deleted": false, "price": 0.0, "module": 3, "created_timestamp": "2015-08-25T05:42:55.481Z", "data": "{'type': 'static'}"}, "model": "crowdsourcing.task", "pk": 9}, {"fields": {"origin": 1, "last_updated": "2015-08-25T06:23:44.978Z", "target": 2, "weight": 123.0, "module": 1, "created_timestamp": "2015-08-25T06:23:44.978Z", "type": "requester"}, "model": "crowdsourcing.workerrequesterrating", "pk": 2}, {"fields": {"origin": 2, "last_updated": "2015-08-25T06:24:31.899Z", "target": 1, "weight": 123.0, "module": 1, "created_timestamp": "2015-08-25T06:24:31.899Z", "type": "requester"}, "model": "crowdsourcing.workerrequesterrating", "pk": 4}, {"fields": {"origin": 3, "last_updated": "2015-08-25T06:24:51.603Z", "target": 1, "weight": 145.0, "module": 1, "created_timestamp": "2015-08-25T06:24:51.603Z", "type": "worker"}, "model": "crowdsourcing.workerrequesterrating", "pk": 6}, {"fields": {"origin": 1, "last_updated": "2015-08-25T06:25:07.098Z", "target": 3, "weight": 145.0, "module": 2, "created_timestamp": "2015-08-25T06:25:07.098Z", "type": "worker"}, "model": "crowdsourcing.workerrequesterrating", "pk": 7}, {"fields": {"origin": 2, "last_updated": "2015-08-25T06:25:25.850Z", "target": 3, "weight": 75.0, "module": 1, "created_timestamp": "2015-08-25T06:25:25.850Z", "type": "requester"}, "model": "crowdsourcing.workerrequesterrating", "pk": 8}, {"fields": {"origin": 3, "last_updated": "2015-08-25T06:25:44.859Z", "target": 2, "weight": 32.0, "module": 1, "created_timestamp": "2015-08-25T06:25:44.859Z", "type": "requester"}, "model": "crowdsourcing.workerrequesterrating", "pk": 9}, {"fields": {"codename": "add_permission", "name": "Can add permission", "content_type": 1}, "model": "auth.permission", "pk": 1}, {"fields": {"codename": "change_permission", "name": "Can change permission", "content_type": 1}, "model": "auth.permission", "pk": 2}, {"fields": {"codename": "delete_permission", "name": "Can delete permission", "content_type": 1}, "model": "auth.permission", "pk": 3}, {"fields": {"codename": "add_group", "name": "Can add group", "content_type": 2}, "model": "auth.permission", "pk": 4}, {"fields": {"codename": "change_group", "name": "Can change group", "content_type": 2}, "model": "auth.permission", "pk": 5}, {"fields": {"codename": "delete_group", "name": "Can delete group", "content_type": 2}, "model": "auth.permission", "pk": 6}, {"fields": {"codename": "add_user", "name": "Can add user", "content_type": 3}, "model": "auth.permission", "pk": 7}, {"fields": {"codename": "change_user", "name": "Can change user", "content_type": 3}, "model": "auth.permission", "pk": 8}, {"fields": {"codename": "delete_user", "name": "Can delete user", "content_type": 3}, "model": "auth.permission", "pk": 9}, {"fields": {"codename": "add_contenttype", "name": "Can add content type", "content_type": 4}, "model": "auth.permission", "pk": 10}, {"fields": {"codename": "change_contenttype", "name": "Can change content type", "content_type": 4}, "model": "auth.permission", "pk": 11}, {"fields": {"codename": "delete_contenttype", "name": "Can delete content type", "content_type": 4}, "model": "auth.permission", "pk": 12}, {"fields": {"codename": "add_session", "name": "Can add session", "content_type": 5}, "model": "auth.permission", "pk": 13}, {"fields": {"codename": "change_session", "name": "Can change session", "content_type": 5}, "model": "auth.permission", "pk": 14}, {"fields": {"codename": "delete_session", "name": "Can delete session", "content_type": 5}, "model": "auth.permission", "pk": 15}, {"fields": {"codename": "add_application", "name": "Can add application", "content_type": 6}, "model": "auth.permission", "pk": 16}, {"fields": {"codename": "change_application", "name": "Can change application", "content_type": 6}, "model": "auth.permission", "pk": 17}, {"fields": {"codename": "delete_application", "name": "Can delete application", "content_type": 6}, "model": "auth.permission", "pk": 18}, {"fields": {"codename": "add_grant", "name": "Can add grant", "content_type": 7}, "model": "auth.permission", "pk": 19}, {"fields": {"codename": "change_grant", "name": "Can change grant", "content_type": 7}, "model": "auth.permission", "pk": 20}, {"fields": {"codename": "delete_grant", "name": "Can delete grant", "content_type": 7}, "model": "auth.permission", "pk": 21}, {"fields": {"codename": "add_accesstoken", "name": "Can add access token", "content_type": 8}, "model": "auth.permission", "pk": 22}, {"fields": {"codename": "change_accesstoken", "name": "Can change access token", "content_type": 8}, "model": "auth.permission", "pk": 23}, {"fields": {"codename": "delete_accesstoken", "name": "Can delete access token", "content_type": 8}, "model": "auth.permission", "pk": 24}, {"fields": {"codename": "add_refreshtoken", "name": "Can add refresh token", "content_type": 9}, "model": "auth.permission", "pk": 25}, {"fields": {"codename": "change_refreshtoken", "name": "Can change refresh token", "content_type": 9}, "model": "auth.permission", "pk": 26}, {"fields": {"codename": "delete_refreshtoken", "name": "Can delete refresh token", "content_type": 9}, "model": "auth.permission", "pk": 27}, {"fields": {"codename": "add_registrationmodel", "name": "Can add registration model", "content_type": 10}, "model": "auth.permission", "pk": 28}, {"fields": {"codename": "change_registrationmodel", "name": "Can change registration model", "content_type": 10}, "model": "auth.permission", "pk": 29}, {"fields": {"codename": "delete_registrationmodel", "name": "Can delete registration model", "content_type": 10}, "model": "auth.permission", "pk": 30}, {"fields": {"codename": "add_passwordresetmodel", "name": "Can add password reset model", "content_type": 11}, "model": "auth.permission", "pk": 31}, {"fields": {"codename": "change_passwordresetmodel", "name": "Can change password reset model", "content_type": 11}, "model": "auth.permission", "pk": 32}, {"fields": {"codename": "delete_passwordresetmodel", "name": "Can delete password reset model", "content_type": 11}, "model": "auth.permission", "pk": 33}, {"fields": {"codename": "add_region", "name": "Can add region", "content_type": 12}, "model": "auth.permission", "pk": 34}, {"fields": {"codename": "change_region", "name": "Can change region", "content_type": 12}, "model": "auth.permission", "pk": 35}, {"fields": {"codename": "delete_region", "name": "Can delete region", "content_type": 12}, "model": "auth.permission", "pk": 36}, {"fields": {"codename": "add_country", "name": "Can add country", "content_type": 13}, "model": "auth.permission", "pk": 37}, {"fields": {"codename": "change_country", "name": "Can change country", "content_type": 13}, "model": "auth.permission", "pk": 38}, {"fields": {"codename": "delete_country", "name": "Can delete country", "content_type": 13}, "model": "auth.permission", "pk": 39}, {"fields": {"codename": "add_city", "name": "Can add city", "content_type": 14}, "model": "auth.permission", "pk": 40}, {"fields": {"codename": "change_city", "name": "Can change city", "content_type": 14}, "model": "auth.permission", "pk": 41}, {"fields": {"codename": "delete_city", "name": "Can delete city", "content_type": 14}, "model": "auth.permission", "pk": 42}, {"fields": {"codename": "add_address", "name": "Can add address", "content_type": 15}, "model": "auth.permission", "pk": 43}, {"fields": {"codename": "change_address", "name": "Can change address", "content_type": 15}, "model": "auth.permission", "pk": 44}, {"fields": {"codename": "delete_address", "name": "Can delete address", "content_type": 15}, "model": "auth.permission", "pk": 45}, {"fields": {"codename": "add_role", "name": "Can add role", "content_type": 16}, "model": "auth.permission", "pk": 46}, {"fields": {"codename": "change_role", "name": "Can change role", "content_type": 16}, "model": "auth.permission", "pk": 47}, {"fields": {"codename": "delete_role", "name": "Can delete role", "content_type": 16}, "model": "auth.permission", "pk": 48}, {"fields": {"codename": "add_language", "name": "Can add language", "content_type": 17}, "model": "auth.permission", "pk": 49}, {"fields": {"codename": "change_language", "name": "Can change language", "content_type": 17}, "model": "auth.permission", "pk": 50}, {"fields": {"codename": "delete_language", "name": "Can delete language", "content_type": 17}, "model": "auth.permission", "pk": 51}, {"fields": {"codename": "add_userprofile", "name": "Can add user profile", "content_type": 18}, "model": "auth.permission", "pk": 52}, {"fields": {"codename": "change_userprofile", "name": "Can change user profile", "content_type": 18}, "model": "auth.permission", "pk": 53}, {"fields": {"codename": "delete_userprofile", "name": "Can delete user profile", "content_type": 18}, "model": "auth.permission", "pk": 54}, {"fields": {"codename": "add_usercountry", "name": "Can add user country", "content_type": 19}, "model": "auth.permission", "pk": 55}, {"fields": {"codename": "change_usercountry", "name": "Can change user country", "content_type": 19}, "model": "auth.permission", "pk": 56}, {"fields": {"codename": "delete_usercountry", "name": "Can delete user country", "content_type": 19}, "model": "auth.permission", "pk": 57}, {"fields": {"codename": "add_skill", "name": "Can add skill", "content_type": 20}, "model": "auth.permission", "pk": 58}, {"fields": {"codename": "change_skill", "name": "Can change skill", "content_type": 20}, "model": "auth.permission", "pk": 59}, {"fields": {"codename": "delete_skill", "name": "Can delete skill", "content_type": 20}, "model": "auth.permission", "pk": 60}, {"fields": {"codename": "add_worker", "name": "Can add worker", "content_type": 21}, "model": "auth.permission", "pk": 61}, {"fields": {"codename": "change_worker", "name": "Can change worker", "content_type": 21}, "model": "auth.permission", "pk": 62}, {"fields": {"codename": "delete_worker", "name": "Can delete worker", "content_type": 21}, "model": "auth.permission", "pk": 63}, {"fields": {"codename": "add_workerskill", "name": "Can add worker skill", "content_type": 22}, "model": "auth.permission", "pk": 64}, {"fields": {"codename": "change_workerskill", "name": "Can change worker skill", "content_type": 22}, "model": "auth.permission", "pk": 65}, {"fields": {"codename": "delete_workerskill", "name": "Can delete worker skill", "content_type": 22}, "model": "auth.permission", "pk": 66}, {"fields": {"codename": "add_requester", "name": "Can add requester", "content_type": 23}, "model": "auth.permission", "pk": 67}, {"fields": {"codename": "change_requester", "name": "Can change requester", "content_type": 23}, "model": "auth.permission", "pk": 68}, {"fields": {"codename": "delete_requester", "name": "Can delete requester", "content_type": 23}, "model": "auth.permission", "pk": 69}, {"fields": {"codename": "add_userrole", "name": "Can add user role", "content_type": 24}, "model": "auth.permission", "pk": 70}, {"fields": {"codename": "change_userrole", "name": "Can change user role", "content_type": 24}, "model": "auth.permission", "pk": 71}, {"fields": {"codename": "delete_userrole", "name": "Can delete user role", "content_type": 24}, "model": "auth.permission", "pk": 72}, {"fields": {"codename": "add_friendship", "name": "Can add friendship", "content_type": 25}, "model": "auth.permission", "pk": 73}, {"fields": {"codename": "change_friendship", "name": "Can change friendship", "content_type": 25}, "model": "auth.permission", "pk": 74}, {"fields": {"codename": "delete_friendship", "name": "Can delete friendship", "content_type": 25}, "model": "auth.permission", "pk": 75}, {"fields": {"codename": "add_category", "name": "Can add category", "content_type": 26}, "model": "auth.permission", "pk": 76}, {"fields": {"codename": "change_category", "name": "Can change category", "content_type": 26}, "model": "auth.permission", "pk": 77}, {"fields": {"codename": "delete_category", "name": "Can delete category", "content_type": 26}, "model": "auth.permission", "pk": 78}, {"fields": {"codename": "add_project", "name": "Can add project", "content_type": 27}, "model": "auth.permission", "pk": 79}, {"fields": {"codename": "change_project", "name": "Can change project", "content_type": 27}, "model": "auth.permission", "pk": 80}, {"fields": {"codename": "delete_project", "name": "Can delete project", "content_type": 27}, "model": "auth.permission", "pk": 81}, {"fields": {"codename": "add_projectrequester", "name": "Can add project requester", "content_type": 28}, "model": "auth.permission", "pk": 82}, {"fields": {"codename": "change_projectrequester", "name": "Can change project requester", "content_type": 28}, "model": "auth.permission", "pk": 83}, {"fields": {"codename": "delete_projectrequester", "name": "Can delete project requester", "content_type": 28}, "model": "auth.permission", "pk": 84}, {"fields": {"codename": "add_template", "name": "Can add template", "content_type": 29}, "model": "auth.permission", "pk": 85}, {"fields": {"codename": "change_template", "name": "Can change template", "content_type": 29}, "model": "auth.permission", "pk": 86}, {"fields": {"codename": "delete_template", "name": "Can delete template", "content_type": 29}, "model": "auth.permission", "pk": 87}, {"fields": {"codename": "add_module", "name": "Can add module", "content_type": 30}, "model": "auth.permission", "pk": 88}, {"fields": {"codename": "change_module", "name": "Can change module", "content_type": 30}, "model": "auth.permission", "pk": 89}, {"fields": {"codename": "delete_module", "name": "Can delete module", "content_type": 30}, "model": "auth.permission", "pk": 90}, {"fields": {"codename": "add_modulecategory", "name": "Can add module category", "content_type": 31}, "model": "auth.permission", "pk": 91}, {"fields": {"codename": "change_modulecategory", "name": "Can change module category", "content_type": 31}, "model": "auth.permission", "pk": 92}, {"fields": {"codename": "delete_modulecategory", "name": "Can delete module category", "content_type": 31}, "model": "auth.permission", "pk": 93}, {"fields": {"codename": "add_projectcategory", "name": "Can add project category", "content_type": 32}, "model": "auth.permission", "pk": 94}, {"fields": {"codename": "change_projectcategory", "name": "Can change project category", "content_type": 32}, "model": "auth.permission", "pk": 95}, {"fields": {"codename": "delete_projectcategory", "name": "Can delete project category", "content_type": 32}, "model": "auth.permission", "pk": 96}, {"fields": {"codename": "add_templateitem", "name": "Can add template item", "content_type": 33}, "model": "auth.permission", "pk": 97}, {"fields": {"codename": "change_templateitem", "name": "Can change template item", "content_type": 33}, "model": "auth.permission", "pk": 98}, {"fields": {"codename": "delete_templateitem", "name": "Can delete template item", "content_type": 33}, "model": "auth.permission", "pk": 99}, {"fields": {"codename": "add_moduletemplate", "name": "Can add module template", "content_type": 34}, "model": "auth.permission", "pk": 100}, {"fields": {"codename": "change_moduletemplate", "name": "Can change module template", "content_type": 34}, "model": "auth.permission", "pk": 101}, {"fields": {"codename": "delete_moduletemplate", "name": "Can delete module template", "content_type": 34}, "model": "auth.permission", "pk": 102}, {"fields": {"codename": "add_templateitemproperties", "name": "Can add template item properties", "content_type": 35}, "model": "auth.permission", "pk": 103}, {"fields": {"codename": "change_templateitemproperties", "name": "Can change template item properties", "content_type": 35}, "model": "auth.permission", "pk": 104}, {"fields": {"codename": "delete_templateitemproperties", "name": "Can delete template item properties", "content_type": 35}, "model": "auth.permission", "pk": 105}, {"fields": {"codename": "add_task", "name": "Can add task", "content_type": 36}, "model": "auth.permission", "pk": 106}, {"fields": {"codename": "change_task", "name": "Can change task", "content_type": 36}, "model": "auth.permission", "pk": 107}, {"fields": {"codename": "delete_task", "name": "Can delete task", "content_type": 36}, "model": "auth.permission", "pk": 108}, {"fields": {"codename": "add_taskworker", "name": "Can add task worker", "content_type": 37}, "model": "auth.permission", "pk": 109}, {"fields": {"codename": "change_taskworker", "name": "Can change task worker", "content_type": 37}, "model": "auth.permission", "pk": 110}, {"fields": {"codename": "delete_taskworker", "name": "Can delete task worker", "content_type": 37}, "model": "auth.permission", "pk": 111}, {"fields": {"codename": "add_taskworkerresult", "name": "Can add task worker result", "content_type": 38}, "model": "auth.permission", "pk": 112}, {"fields": {"codename": "change_taskworkerresult", "name": "Can change task worker result", "content_type": 38}, "model": "auth.permission", "pk": 113}, {"fields": {"codename": "delete_taskworkerresult", "name": "Can delete task worker result", "content_type": 38}, "model": "auth.permission", "pk": 114}, {"fields": {"codename": "add_workermoduleapplication", "name": "Can add worker module application", "content_type": 39}, "model": "auth.permission", "pk": 115}, {"fields": {"codename": "change_workermoduleapplication", "name": "Can change worker module application", "content_type": 39}, "model": "auth.permission", "pk": 116}, {"fields": {"codename": "delete_workermoduleapplication", "name": "Can delete worker module application", "content_type": 39}, "model": "auth.permission", "pk": 117}, {"fields": {"codename": "add_activitylog", "name": "Can add activity log", "content_type": 40}, "model": "auth.permission", "pk": 118}, {"fields": {"codename": "change_activitylog", "name": "Can change activity log", "content_type": 40}, "model": "auth.permission", "pk": 119}, {"fields": {"codename": "delete_activitylog", "name": "Can delete activity log", "content_type": 40}, "model": "auth.permission", "pk": 120}, {"fields": {"codename": "add_qualification", "name": "Can add qualification", "content_type": 41}, "model": "auth.permission", "pk": 121}, {"fields": {"codename": "change_qualification", "name": "Can change qualification", "content_type": 41}, "model": "auth.permission", "pk": 122}, {"fields": {"codename": "delete_qualification", "name": "Can delete qualification", "content_type": 41}, "model": "auth.permission", "pk": 123}, {"fields": {"codename": "add_qualificationitem", "name": "Can add qualification item", "content_type": 42}, "model": "auth.permission", "pk": 124}, {"fields": {"codename": "change_qualificationitem", "name": "Can change qualification item", "content_type": 42}, "model": "auth.permission", "pk": 125}, {"fields": {"codename": "delete_qualificationitem", "name": "Can delete qualification item", "content_type": 42}, "model": "auth.permission", "pk": 126}, {"fields": {"codename": "add_userlanguage", "name": "Can add user language", "content_type": 43}, "model": "auth.permission", "pk": 127}, {"fields": {"codename": "change_userlanguage", "name": "Can change user language", "content_type": 43}, "model": "auth.permission", "pk": 128}, {"fields": {"codename": "delete_userlanguage", "name": "Can delete user language", "content_type": 43}, "model": "auth.permission", "pk": 129}, {"fields": {"codename": "add_currency", "name": "Can add currency", "content_type": 44}, "model": "auth.permission", "pk": 130}, {"fields": {"codename": "change_currency", "name": "Can change currency", "content_type": 44}, "model": "auth.permission", "pk": 131}, {"fields": {"codename": "delete_currency", "name": "Can delete currency", "content_type": 44}, "model": "auth.permission", "pk": 132}, {"fields": {"codename": "add_userpreferences", "name": "Can add user preferences", "content_type": 45}, "model": "auth.permission", "pk": 133}, {"fields": {"codename": "change_userpreferences", "name": "Can change user preferences", "content_type": 45}, "model": "auth.permission", "pk": 134}, {"fields": {"codename": "delete_userpreferences", "name": "Can delete user preferences", "content_type": 45}, "model": "auth.permission", "pk": 135}, {"fields": {"codename": "add_requesterranking", "name": "Can add requester ranking", "content_type": 46}, "model": "auth.permission", "pk": 136}, {"fields": {"codename": "change_requesterranking", "name": "Can change requester ranking", "content_type": 46}, "model": "auth.permission", "pk": 137}, {"fields": {"codename": "delete_requesterranking", "name": "Can delete requester ranking", "content_type": 46}, "model": "auth.permission", "pk": 138}, {"fields": {"codename": "add_modulerating", "name": "Can add module rating", "content_type": 47}, "model": "auth.permission", "pk": 139}, {"fields": {"codename": "change_modulerating", "name": "Can change module rating", "content_type": 47}, "model": "auth.permission", "pk": 140}, {"fields": {"codename": "delete_modulerating", "name": "Can delete module rating", "content_type": 47}, "model": "auth.permission", "pk": 141}, {"fields": {"codename": "add_modulereview", "name": "Can add module review", "content_type": 48}, "model": "auth.permission", "pk": 142}, {"fields": {"codename": "change_modulereview", "name": "Can change module review", "content_type": 48}, "model": "auth.permission", "pk": 143}, {"fields": {"codename": "delete_modulereview", "name": "Can delete module review", "content_type": 48}, "model": "auth.permission", "pk": 144}, {"fields": {"codename": "add_flowmodel", "name": "Can add flow model", "content_type": 49}, "model": "auth.permission", "pk": 145}, {"fields": {"codename": "change_flowmodel", "name": "Can change flow model", "content_type": 49}, "model": "auth.permission", "pk": 146}, {"fields": {"codename": "delete_flowmodel", "name": "Can delete flow model", "content_type": 49}, "model": "auth.permission", "pk": 147}, {"fields": {"codename": "add_accountmodel", "name": "Can add account model", "content_type": 50}, "model": "auth.permission", "pk": 148}, {"fields": {"codename": "change_accountmodel", "name": "Can change account model", "content_type": 50}, "model": "auth.permission", "pk": 149}, {"fields": {"codename": "delete_accountmodel", "name": "Can delete account model", "content_type": 50}, "model": "auth.permission", "pk": 150}, {"fields": {"codename": "add_credentialsmodel", "name": "Can add credentials model", "content_type": 51}, "model": "auth.permission", "pk": 151}, {"fields": {"codename": "change_credentialsmodel", "name": "Can change credentials model", "content_type": 51}, "model": "auth.permission", "pk": 152}, {"fields": {"codename": "delete_credentialsmodel", "name": "Can delete credentials model", "content_type": 51}, "model": "auth.permission", "pk": 153}, {"fields": {"codename": "add_temporaryflowmodel", "name": "Can add temporary flow model", "content_type": 52}, "model": "auth.permission", "pk": 154}, {"fields": {"codename": "change_temporaryflowmodel", "name": "Can change temporary flow model", "content_type": 52}, "model": "auth.permission", "pk": 155}, {"fields": {"codename": "delete_temporaryflowmodel", "name": "Can delete temporary flow model", "content_type": 52}, "model": "auth.permission", "pk": 156}, {"fields": {"codename": "add_bookmarkedprojects", "name": "Can add bookmarked projects", "content_type": 53}, "model": "auth.permission", "pk": 157}, {"fields": {"codename": "change_bookmarkedprojects", "name": "Can change bookmarked projects", "content_type": 53}, "model": "auth.permission", "pk": 158}, {"fields": {"codename": "delete_bookmarkedprojects", "name": "Can delete bookmarked projects", "content_type": 53}, "model": "auth.permission", "pk": 159}, {"fields": {"codename": "add_conversation", "name": "Can add conversation", "content_type": 54}, "model": "auth.permission", "pk": 160}, {"fields": {"codename": "change_conversation", "name": "Can change conversation", "content_type": 54}, "model": "auth.permission", "pk": 161}, {"fields": {"codename": "delete_conversation", "name": "Can delete conversation", "content_type": 54}, "model": "auth.permission", "pk": 162}, {"fields": {"codename": "add_message", "name": "Can add message", "content_type": 55}, "model": "auth.permission", "pk": 163}, {"fields": {"codename": "change_message", "name": "Can change message", "content_type": 55}, "model": "auth.permission", "pk": 164}, {"fields": {"codename": "delete_message", "name": "Can delete message", "content_type": 55}, "model": "auth.permission", "pk": 165}, {"fields": {"codename": "add_conversationrecipient", "name": "Can add conversation recipient", "content_type": 56}, "model": "auth.permission", "pk": 166}, {"fields": {"codename": "change_conversationrecipient", "name": "Can change conversation recipient", "content_type": 56}, "model": "auth.permission", "pk": 167}, {"fields": {"codename": "delete_conversationrecipient", "name": "Can delete conversation recipient", "content_type": 56}, "model": "auth.permission", "pk": 168}, {"fields": {"codename": "add_usermessage", "name": "Can add user message", "content_type": 57}, "model": "auth.permission", "pk": 169}, {"fields": {"codename": "change_usermessage", "name": "Can change user message", "content_type": 57}, "model": "auth.permission", "pk": 170}, {"fields": {"codename": "delete_usermessage", "name": "Can delete user message", "content_type": 57}, "model": "auth.permission", "pk": 171}, {"fields": {"codename": "add_requesterinputfile", "name": "Can add requester input file", "content_type": 58}, "model": "auth.permission", "pk": 172}, {"fields": {"codename": "change_requesterinputfile", "name": "Can change requester input file", "content_type": 58}, "model": "auth.permission", "pk": 173}, {"fields": {"codename": "delete_requesterinputfile", "name": "Can delete requester input file", "content_type": 58}, "model": "auth.permission", "pk": 174}, {"fields": {"codename": "add_workerrequesterrating", "name": "Can add worker requester rating", "content_type": 59}, "model": "auth.permission", "pk": 175}, {"fields": {"codename": "change_workerrequesterrating", "name": "Can change worker requester rating", "content_type": 59}, "model": "auth.permission", "pk": 176}, {"fields": {"codename": "delete_workerrequesterrating", "name": "Can delete worker requester rating", "content_type": 59}, "model": "auth.permission", "pk": 177}, {"fields": {"codename": "add_comment", "name": "Can add comment", "content_type": 60}, "model": "auth.permission", "pk": 178}, {"fields": {"codename": "change_comment", "name": "Can change comment", "content_type": 60}, "model": "auth.permission", "pk": 179}, {"fields": {"codename": "delete_comment", "name": "Can delete comment", "content_type": 60}, "model": "auth.permission", "pk": 180}, {"fields": {"codename": "add_modulecomment", "name": "Can add module comment", "content_type": 61}, "model": "auth.permission", "pk": 181}, {"fields": {"codename": "change_modulecomment", "name": "Can change module comment", "content_type": 61}, "model": "auth.permission", "pk": 182}, {"fields": {"codename": "delete_modulecomment", "name": "Can delete module comment", "content_type": 61}, "model": "auth.permission", "pk": 183}, {"fields": {"codename": "add_taskcomment", "name": "Can add task comment", "content_type": 62}, "model": "auth.permission", "pk": 184}, {"fields": {"codename": "change_taskcomment", "name": "Can change task comment", "content_type": 62}, "model": "auth.permission", "pk": 185}, {"fields": {"codename": "delete_taskcomment", "name": "Can delete task comment", "content_type": 62}, "model": "auth.permission", "pk": 186}, {"fields": {"username": "sfa.asdf", "first_name": "sfa", "last_name": "asdf", "is_active": true, "is_superuser": false, "is_staff": false, "last_login": "2015-08-25T05:39:33.039Z", "groups": [], "user_permissions": [], "password": "pbkdf2_sha256$20000$9uqmvl18vUCo$vTXHjRpc0SfJJhAe1Er4yntp9L9znQFiHzaFLKpvA7o=", "email": "ag@gmail.com", "date_joined": "2015-08-25T05:37:05.482Z"}, "model": "auth.user", "pk": 1}, {"fields": {"username": "sdf.sdf", "first_name": "sdf", "last_name": "sdf", "is_active": true, "is_superuser": false, "is_staff": false, "last_login": "2015-08-25T05:37:30.455Z", "groups": [], "user_permissions": [], "password": "pbkdf2_sha256$20000$KIcoW09wkpPQ$rIV23HvQj+VOizK5vzfzxeYUquAombeK41syt9U3u3U=", "email": "rn@gmail.com", "date_joined": "2015-08-25T05:37:15.562Z"}, "model": "auth.user", "pk": 2}, {"fields": {"username": "asd.as", "first_name": "asD", "last_name": "as", "is_active": true, "is_superuser": false, "is_staff": false, "last_login": "2015-08-25T05:41:42.772Z", "groups": [], "user_permissions": [], "password": "pbkdf2_sha256$20000$0k4T1tr691i6$dshJ2tQQP3JTV7gvNzmQft+UdYpmw9pr3cRgc/E/1zw=", "email": "ng@gmail.com", "date_joined": "2015-08-25T05:41:14.732Z"}, "model": "auth.user", "pk": 3}, {"fields": {"picture": null, "verified": false, "deleted": false, "gender": "", "birthday": null, "user": 1, "address": null, "created_timestamp": "2015-08-25T05:37:05.594Z", "last_updated": "2015-08-25T05:37:05.594Z"}, "model": "crowdsourcing.userprofile", "pk": 1}, {"fields": {"picture": null, "verified": false, "deleted": false, "gender": "", "birthday": null, "user": 2, "address": null, "created_timestamp": "2015-08-25T05:37:15.750Z", "last_updated": "2015-08-25T05:37:15.750Z"}, "model": "crowdsourcing.userprofile", "pk": 2}, {"fields": {"picture": null, "verified": false, "deleted": false, "gender": "", "birthday": null, "user": 3, "address": null, "created_timestamp": "2015-08-25T05:41:14.839Z", "last_updated": "2015-08-25T05:41:14.839Z"}, "model": "crowdsourcing.userprofile", "pk": 3}]