[
    {
    "fields": {
      "last_updated": "2015-05-01T00:17:40.085Z", 
      "name": "program1", 
      "deleted": "0", 
      "created_timestamp": "2015-05-01T00:17:40.085Z", 
      "verified": "True", 
      "description": "c"
    }, 
    "model": "crowdsourcing.skill",
    "pk": 1
    
  }, 
  {
    "fields": {
      "last_updated": "2015-05-01T00:17:40.085Z", 
      "name": "program2", 
      "deleted": "0", 
      "created_timestamp": "2015-05-01T00:17:40.085Z", 
      "verified": "False", 
      "description": "java"
    }, 
    "model": "crowdsourcing.skill",
    "pk": 2
  },
  {
    "fields": {
      "last_updated": "2015-05-01T00:17:40.085Z", 
      "name": "program2", 
      "deleted": "0", 
      "created_timestamp": "2015-05-01T00:17:40.085Z", 
      "verified": "False", 
      "description": "ruby"
    }, 
    "model": "crowdsourcing.skill",
    "pk": 3
  },
  {
    "fields": {
      "last_updated": "2015-05-01T00:17:40.085Z", 
      "name": "program2", 
      "deleted": "0", 
      "created_timestamp": "2015-05-01T00:17:40.085Z", 
      "verified": "False", 
      "description": "java"
    }, 
    "model": "crowdsourcing.skill",
    "pk": 4
  },
  {
    "fields": {
      "last_updated": "2015-05-01T00:17:40.085Z", 
      "name": "program2", 
      "deleted": "0", 
      "created_timestamp": "2015-05-01T00:17:40.085Z", 
      "verified": "False", 
      "description": "java"
    }, 
    "model": "crowdsourcing.skill",
    "pk": 5
  },
  {
        "fields": {},
        "model": "crowdsourcing.worker",
        "pk": 1
    },
    {
        "fields": {},
        "model": "crowdsourcing.worker",
        "pk": 2
    },
    {
        "fields": {},
        "model": "crowdsourcing.worker",
        "pk": 3
    },
    {
        "fields": {},
        "model": "crowdsourcing.worker",
        "pk": 4
    },
    {
        "fields": {},
        "model": "crowdsourcing.worker",
        "pk": 5
    },
    {
    "fields": {
      "verified": "True", 
      "level": "3", 
      "worker": "1", 
      "created_timestamp": "2015-05-01T00:17:40.085Z", 
      "last_updated": "2015-05-01T00:17:40.085Z", 
      "skill": "2"
    }, 
    "model": "crowdsourcing.workerskill", 
    "pk": 1
  }, 
  {
    "fields": {
      "verified": "True", 
      "level": "1", 
      "worker": "2", 
      "created_timestamp": "2015-05-01T00:17:40.085Z", 
      "last_updated": "2015-05-01T00:17:40.085Z", 
      "skill": "2"
    }, 
    "model": "crowdsourcing.workerskill", 
    "pk": 2
  },
  {
    "fields": {
      "verified": "True", 
      "level": "3", 
      "worker": "1", 
      "created_timestamp": "2015-05-01T00:17:40.085Z", 
      "last_updated": "2015-05-01T00:17:40.085Z", 
      "skill": "4"
    }, 
    "model": "crowdsourcing.workerskill", 
    "pk": 3
  }, 
  {
    "fields": {
      "verified": "True", 
      "level": "2", 
      "worker": "3", 
      "created_timestamp": "2015-05-01T00:17:40.085Z", 
      "last_updated": "2015-05-01T00:17:40.085Z", 
      "skill": "1"
    }, 
    "model": "crowdsourcing.workerskill", 
    "pk": 4
  },
  {
    "fields": {
      "verified": "True", 
      "level": "3", 
      "worker": "4", 
      "created_timestamp": "2015-05-01T00:17:40.085Z", 
      "last_updated": "2015-05-01T00:17:40.085Z", 
      "skill": "4"
    }, 
    "model": "crowdsourcing.workerskill", 
    "pk": 5
  },
  {
    "fields": {
      
        "name": "module1",
        "description": " nothong nothing nothing",
        "keywords": " keys keys keys",
        "status": 1,
        "price": 2,
        "repetition": 4,
        "module_timeout": 7,
        "deleted": false,
        "created_timestamp": "2015-05-24T19:21:34.587989Z",
        "last_updated": "2015-05-24T19:21:34.588253Z",
        "owner": 2,
        "project": 4
    }, 
    "model": "crowdsourcing.module", 
    "pk": 1
  }, 
  {
    "fields": {
     
        "name": "module2",
        "description": "nothing .",
        "keywords": "nothing ",
        "status": 1,
        "price": 2,
        "repetition": 3,
        "module_timeout": 4,
        "deleted": false,
        "created_timestamp": "2015-05-24T19:21:58.813561Z",
        "last_updated": "2015-05-24T19:21:58.813774Z",
        "owner": 1,
        "project": 3
        
    }, 
    "model": "crowdsourcing.module", 
    "pk": 2
  },
  {
    "fields": {
      
        "name": "module3",
        "description": " none",
        "keywords": " key",
        "status": 2,
        "price": 25,
        "repetition": 3,
        "module_timeout": 7,
        "deleted": false,
        "created_timestamp": "2015-05-24T19:21:34.587989Z",
        "last_updated": "2015-05-24T19:21:34.588253Z",
        "owner": 2,
        "project": 4
    }, 
    "model": "crowdsourcing.module", 
    "pk": 3
  }, 
  {
    "fields": {
     
        "name": "module4",
        "description": "nothing... .",
        "keywords": "nothing ",
        "status": 2,
        "price": 21,
        "repetition": 3,
        "module_timeout": 4,
        "deleted": false,
        "created_timestamp": "2015-05-24T19:21:58.813561Z",
        "last_updated": "2015-05-24T19:21:58.813774Z",
        "owner": 1,
        "project": 3
        
    }, 
    "model": "crowdsourcing.module", 
    "pk": 4
  } ,
  {
    "fields": {
     
        "name": "module5",
        "description": "module .",
        "keywords": "mod ",
        "status": 2,
        "price":45,
        "repetition": 3,
        "module_timeout": 6,
        "deleted": false,
        "created_timestamp": "2015-05-24T19:21:58.813561Z",
        "last_updated": "2015-05-24T19:21:58.813774Z",
        "owner": 1,
        "project": 3
        
    }, 
    "model": "crowdsourcing.module", 
    "pk": 5
  } ,
  {
    "fields": {
      "status": "1", 
      "deleted": "0", 
      "created_timestamp": "2015-05-01T00:17:40.085Z", 
      "last_updated": "2015-05-01T00:17:40.085Z", 
      "module": "1"
    }, 
    "model": "crowdsourcing.task", 
    "pk": 1
  }, 
  {
    "fields": {
      "status": "2", 
      "deleted": "0", 
      "created_timestamp": "2015-05-01T00:17:40.085Z", 
      "last_updated": "2015-05-01T00:17:40.085Z", 
      "module": "2"
    }, 
    "model": "crowdsourcing.task", 
    "pk": 2
  },
  {
    "fields": {
      "status": "3", 
      "deleted": "0", 
      "created_timestamp": "2015-05-01T00:17:40.085Z", 
      "last_updated": "2015-05-01T00:17:40.085Z", 
      "module": "3"
    }, 
    "model": "crowdsourcing.task", 
    "pk": 3
  },
  {
    "fields": {
      "status": "2", 
      "deleted": "0", 
      "created_timestamp": "2015-05-01T00:17:40.085Z", 
      "last_updated": "2015-05-01T00:17:40.085Z", 
      "module": "4"
    }, 
    "model": "crowdsourcing.task", 
    "pk": 4
  },
  {
    "fields": {
      "status": "1", 
      "deleted": "0", 
      "created_timestamp": "2015-05-01T00:17:40.085Z", 
      "last_updated": "2015-05-01T00:17:40.085Z", 
      "module": "5"
    }, 
    "model": "crowdsourcing.task", 
    "pk": 5
  },
  {
    "fields": {
      "created_timestamp": "2015-05-01T00:17:40.085Z", 
      "last_updated": "2015-05-01T00:17:40.085Z", 
      "task": "1", 
      "worker": "1"
    }, 
    "model": "crowdsourcing.taskworker", 
    "pk": 1
  }, 
  {
    "fields": {
      "created_timestamp": "2015-05-01T00:17:40.085Z", 
      "last_updated": "2015-05-01T00:17:40.085Z", 
      "task": "2", 
      "worker": "2"
    }, 
    "model": "crowdsourcing.taskworker", 
    "pk": 2
    },
  
    {
    "fields": {
      "created_timestamp": "2015-05-01T00:17:40.085Z", 
      "last_updated": "2015-05-01T00:17:40.085Z", 
      "task": "3", 
      "worker": "3"
    }, 
    "model": "crowdsourcing.taskworker", 
    "pk": 3
    },
    {
    "fields": {
      "created_timestamp": "2015-05-01T00:17:40.085Z", 
      "last_updated": "2015-05-01T00:17:40.085Z", 
      "task": "4", 
      "worker": "4"
    }, 
    "model": "crowdsourcing.taskworker", 
    "pk": 4
    },
  
    {
    "fields": {
      "created_timestamp": "2015-05-01T00:17:40.085Z", 
      "last_updated": "2015-05-01T00:17:40.085Z", 
      "task": "5", 
      "worker": "5"
    }, 
    "model": "crowdsourcing.taskworker", 
    "pk": 5
    },
    {
    "fields": {
      "status": "2", 
      "created_timestamp": "2015-05-01T00:17:40.085Z", 
      "last_updated": "2015-05-01T00:17:40.085Z", 
      "worker": "1", 
      "module": "1"
    }, 
    "model": "crowdsourcing.workermoduleapplication", 
    "pk": 1
  }, 
  {
    "fields": {
      "status": "3", 
      "created_timestamp": "2015-05-01T00:17:40.085Z", 
      "last_updated": "2015-05-01T00:17:40.085Z", 
      "worker": "2", 
      "module": "2"
    }, 
    "model": "crowdsourcing.workermoduleapplication", 
    "pk": 2
  },
  {
    "fields": {
      "status": "2", 
      "created_timestamp": "2015-05-01T00:17:40.085Z", 
      "last_updated": "2015-05-01T00:17:40.085Z", 
      "worker": "1", 
      "module": "1"
    }, 
    "model": "crowdsourcing.workermoduleapplication", 
    "pk": 3
  }, 
  {
    "fields": {
      "status": "3", 
      "created_timestamp": "2015-05-01T00:17:40.085Z", 
      "last_updated": "2015-05-01T00:17:40.085Z", 
      "worker": "4", 
      "module": "4"
    }, 
    "model": "crowdsourcing.workermoduleapplication", 
    "pk": 4
  },
  {
    "fields": {
      "status": "3", 
      "created_timestamp": "2015-05-01T00:17:40.085Z", 
      "last_updated": "2015-05-01T00:17:40.085Z", 
      "worker": "5", 
      "module": "5"
    }, 
    "model": "crowdsourcing.workermoduleapplication", 
    "pk": 5
  },
  {
    "fields": {
      "created_timestamp": "2015-05-01T00:17:40.085Z", 
      "last_updated": "2015-05-01T00:17:40.085Z", 
      "type": "1", 
      "module": "1"
    }, 
    "model": "crowdsourcing.qualification", 
    "pk": 1
  }, 
  {
    "fields": {
      "created_timestamp": "2015-05-01T00:17:40.085Z", 
      "last_updated": "2015-05-01T00:17:40.085Z", 
      "type": "2", 
      "module": "2"
    }, 
    "model": "crowdsourcing.qualification", 
    "pk": 2
  },
  {
    "fields": {
      "created_timestamp": "2015-05-01T00:17:40.085Z", 
      "last_updated": "2015-05-01T00:17:40.085Z", 
      "type": "3", 
      "module": "3"
    }, 
    "model": "crowdsourcing.qualification", 
    "pk": 3
  }, 
  {
    "fields": {
      "created_timestamp": "2015-05-01T00:17:40.085Z", 
      "last_updated": "2015-05-01T00:17:40.085Z", 
      "type": "4", 
      "module": "4"
    }, 
    "model": "crowdsourcing.qualification", 
    "pk": 4
  },
  {
    "fields": {
      "created_timestamp": "2015-05-01T00:17:40.085Z", 
      "last_updated": "2015-05-01T00:17:40.085Z", 
      "type": "5", 
      "module": "5"
    }, 
    "model": "crowdsourcing.qualification", 
    "pk": 5
  }
  
]
